company_id,company_label,company_community,repo_count,owner_count,total_stars,small_company,dominant_repo_community,domain_group,pagerank,betweenness,eigenvector
swz30,swz30,0,1,1,1381,1,2,CV,0.00023201856148491882,0.0,1.0
google-research,google-research,1,8,1,55664,0,2,Cross-domain,0.002549892415686009,0.026408343519207986,0.041830348682036014
hkchengrex,hkchengrex,1,4,1,6043,0,1,CV,0.002259309478303792,0.00022479171642524976,0.05378930269820589
graykode,graykode,1,3,1,19163,1,0,NLP,0.0007346512857033132,0.005666624518219837,0.0014866151739600221
openvinotoolkit,openvinotoolkit,1,3,1,14395,1,2,Cross-domain,0.0027315210665497447,0.007483690892657273,0.054340427229495884
kaiyangzhou,KaiyangZhou,1,3,1,7230,1,2,CV,0.0012518161081762644,0.0029831734033934185,0.021240540180956058
nlp-love,NLP-LOVE,1,2,1,19902,1,0,NLP,0.0008088737874672853,0.002964440760357981,6.484799227335324e-06
alicevision,alicevision,1,2,1,16098,1,2,CV,0.002007214137906548,0.0037699444108817925,0.03324558412373726
crownpku,crownpku,1,2,1,10198,1,0,NLP,0.001855428874698145,0.01173131770094272,0.005880552038679923
nvidia,NVIDIA,1,2,1,9842,1,0,CV,0.003802907191768257,0.013539017753862438,0.07874947117248847
astorfi,astorfi,1,2,1,6403,1,2,CV,0.0019498060245678323,9.36632151771874e-06,0.042054070840968065
makcedward,makcedward,1,2,1,5738,1,2,NLP,0.0022368292466014308,0.00022947487718410911,0.038459628889409694
yongzhuo,yongzhuo,1,2,1,3349,1,2,NLP,0.0014177531706997687,9.36632151771874e-06,0.029528931069644798
ahmetozlu,ahmetozlu,1,2,1,2260,1,2,CV,0.004295109252877862,0.04341758339538521,0.09531794612315803
tensorlayer,tensorlayer,1,2,1,2111,1,2,Cross-domain,0.004025525323764651,0.016742299712922248,0.08606792364772589
google-ai-edge,google-ai-edge,1,1,1,34904,1,2,CV,0.0017779556780961956,0.013791908434840844,0.026137870135866978
ai4finance-foundation,AI4Finance-Foundation,1,1,1,19752,1,2,NLP,0.002434878600331129,0.004247626808285448,0.04559830581487782
davidsandberg,davidsandberg,1,1,1,14316,1,2,CV,0.0028881303597042833,0.0062145543270063835,0.052065541331659075
carla-simulator,carla-simulator,1,1,1,13879,1,2,CV,0.002777093771538951,0.01702328935845381,0.03559062373580672
tangyudi,tangyudi,1,1,1,12921,1,0,NLP,0.0005879892869221372,0.0,2.988585290020213e-08
colmap,colmap,1,1,1,11523,1,2,CV,0.0025204245406851337,0.0194444834707841,0.042249514019260366
advimman,advimman,1,1,1,9892,1,2,CV,0.00281618902522026,7.024741138289054e-05,0.0670880196906077
jadore801120,jadore801120,1,1,1,9700,1,2,NLP,0.001673854314722165,0.0016063241402887638,0.02835109333041015
hironsan,Hironsan,1,1,1,6281,1,2,CV,0.0012223062383046484,6.556425062403117e-05,0.022573832879150286
nfmcclure,nfmcclure,1,1,1,6246,1,2,NLP,0.0026675680325006367,0.007591403590111038,0.05291887912102786
chatopera,chatopera,1,1,1,5103,1,0,NLP,0.00026972285626985083,0.0,2.146294520362543e-05
stvir,STVIR,1,1,1,4597,1,2,CV,0.0025709003896381487,0.004097765664001949,0.054116758489066344
cyberbotics,cyberbotics,1,1,1,4301,1,0,CV,0.00047980781728333786,0.0,1.2062826172727085e-06
cs230-stanford,cs230-stanford,1,1,1,4223,1,2,CV,0.00024612237707289687,0.0,0.00033029721491043636
jdai-cv,JDAI-CV,1,1,1,3903,1,2,CV,0.0002453516172079018,0.0,7.838051030168466e-05
dongrixinyu,dongrixinyu,1,1,1,3833,1,2,NLP,0.0014990804564291881,3.2782125312015585e-05,0.02660585546449738
miso-belica,miso-belica,1,1,1,3677,1,2,NLP,0.0006209645703313502,0.0,0.006636931438666895
zhaoj9014,ZhaoJ9014,1,1,1,3588,1,0,CV,0.00029865193299211394,0.0,0.0022928993939011584
visionml,visionml,1,1,1,3497,1,2,CV,0.0002616490384086393,0.0,0.0005509654276322185
richzhang,richzhang,1,1,1,3464,1,2,CV,0.003190099444022284,0.005034397815773822,0.07562606453071802
jaymody,jaymody,1,1,1,3461,1,2,NLP,0.003067438369332337,0.007235483372437726,0.0666698080406883
ownthink,ownthink,1,1,1,3423,1,2,NLP,0.0002696201894247959,0.0,0.0007116364003583929
ieee8023,ieee8023,1,1,1,3057,1,2,CV,0.00191715648784462,0.00017327694807779668,0.04054562586157102
charmve,Charmve,1,1,1,2846,1,2,CV,0.003920719154543548,0.005502713891659759,0.09244079476913636
readbeyond,readbeyond,1,1,1,2828,1,2,NLP,0.002008544305421812,0.0033109946565135742,0.03618022632848657
teamhg-memex,TeamHG-Memex,1,1,1,2776,1,2,NLP,0.0011467347322578797,0.0,0.02069342803057987
sightmachine,sightmachine,1,1,1,2727,1,2,CV,0.001771339822162975,0.0030206386894642934,0.030697683701197524
blmoistawinde,blmoistawinde,1,1,1,2612,1,2,NLP,0.002070525939366063,0.0029691239211168405,0.03836617805211839
openstitching,OpenStitching,1,1,1,2581,1,2,CV,0.0010170873247310206,0.0002482075202195466,0.014998512500141063
ogkalu2,ogkalu2,1,1,1,2535,1,2,CV,0.0006747551060817822,8.898005441832802e-05,0.005632030548689986
duoergun0729,duoergun0729,1,1,1,2489,1,2,NLP,0.0002484665114400469,0.0,0.00019871771814435881
lgsvl,lgsvl,1,1,1,2441,1,0,CV,0.000664193559785873,0.002964440760357981,0.00023428442132468686
brikerman,BrikerMan,1,1,1,2385,1,2,NLP,0.003850051242469369,0.015927429740880718,0.07316646965957692
koth,koth,1,1,1,2073,1,2,NLP,0.00028747114355741126,0.0,3.1566052016362784e-05
delip,delip,1,1,1,2053,1,2,NLP,0.003127036760960221,0.004172696236143698,0.06663604380247594
junshutang,junshutang,1,1,1,1890,1,1,CV,0.0026832244797002753,0.0032641630489249804,0.05543186904497218
425776024,425776024,1,1,1,1881,1,2,NLP,0.00199182786064194,0.00810186811282671,0.02888871216096901
xinshuoweng,xinshuoweng,1,1,1,1834,1,2,CV,0.0015238568739510015,0.009605162716420567,0.02826652895935019
gauravbh1010tt,GauravBh1010tt,1,1,1,1830,1,2,Cross-domain,0.0026639419398329337,0.004486468006987276,0.060677653304559195
laugh12321,laugh12321,1,1,1,1786,1,2,CV,0.002494151593404297,0.017369843254609402,0.047815316668616256
mesolitica,mesolitica,1,1,1,1780,1,2,NLP,0.0035420688885373303,0.013126899607082814,0.07532705956637394
roshanson,Roshanson,1,1,1,1731,1,0,NLP,0.0003128373799603472,0.0,4.6005630983265634e-05
franck-dernoncourt,Franck-Dernoncourt,1,1,1,1723,1,2,NLP,0.004714013182013673,0.015871231811774404,0.07810154384710519
opendatacam,opendatacam,1,1,1,1709,1,4,CV,0.00024952765607482125,0.0,0.0003105762586401438
lukalabs,lukalabs,1,1,1,1706,1,2,NLP,0.003702685328358138,0.005919515199198243,0.06878065998944835
plasticityai,plasticityai,1,1,1,1658,1,4,NLP,0.004093146490973664,0.020385798783314837,0.051774449658472055
chandrikadeb7,chandrikadeb7,1,1,1,1607,1,2,CV,0.00253029414112781,7.493057214174991e-05,0.059592634165931066
anything-of-anything,Anything-of-anything,1,1,1,1604,1,1,CV,0.0002662450264757204,0.0,0.0007869006275888629
chainer,chainer,1,1,1,1483,1,2,CV,0.002880074347344947,0.0024773920414366065,0.062260667652566604
dragoncomputer,DragonComputer,1,1,1,1406,1,2,NLP,0.0004066865199980897,0.0,0.003599018862636945
maluuba,Maluuba,1,1,1,1394,1,2,NLP,0.002707420326658054,0.002182352913628466,0.056975440781289445
roshan-research,roshan-research,1,1,1,1387,1,2,NLP,0.001845362940935247,5.151476834745307e-05,0.0436514396782776
lyeoni,lyeoni,1,1,1,1375,1,0,NLP,0.000774613052621029,0.0059335646814748216,0.001510712763256751
margaretmz,margaretmz,1,1,1,1373,1,2,CV,0.00025198304093050064,0.0,0.00013071675631990188
nachifur,nachifur,1,1,1,1369,1,2,CV,0.001345883190255017,5.619792910631244e-05,0.02481827491115509
atulapra,atulapra,1,1,1,1354,1,2,CV,0.0027960580329900913,0.0022619666465290757,0.06265782563749449
seanlee97,SeanLee97,1,1,1,1298,1,2,NLP,0.001207220900691185,0.00012644534048920298,0.023214301261713647
yeyzheng,YeYzheng,1,1,1,1269,1,2,NLP,0.0006498136904181206,0.004687843919618229,0.0002475142815975135
timobolkart,TimoBolkart,1,1,1,1259,1,2,CV,0.002260312277697738,0.00011707901897148424,0.04926702252475842
openpifpaf,openpifpaf,1,1,1,1251,1,2,CV,0.00033212199627287426,0.0,0.0005846562563217479
chonyy,chonyy,1,1,1,1247,1,2,CV,0.0024836223523283505,0.00022010855566639037,0.05753630210734363
hyperparticle,Hyperparticle,1,1,1,1233,1,2,NLP,0.005040485403438908,0.016081974045923077,0.10491613160646297
otaha178,otaha178,1,1,1,1232,1,2,CV,0.001675275787741176,2.809896455315622e-05,0.03482325787118616
gogoduck912,GoGoDuck912,1,1,1,1222,1,2,CV,0.0008287525466064761,0.0,0.016092123441598046
bheinzerling,bheinzerling,1,1,1,1221,1,2,NLP,0.0024663870186206307,0.001812383213678576,0.05628171624624507
geekalexis,GeekAlexis,1,1,1,1209,1,2,CV,0.00256657371916789,0.0029738070818756995,0.05143663767921517
bendangnuksung,bendangnuksung,1,1,1,1149,1,2,CV,0.002834419879456994,0.0030440544932585903,0.06324258736887889
tatsuyah,tatsuyah,1,1,1,1148,1,2,CV,0.0023605618309513734,0.00027162332401384345,0.05294123326879785
youyuge34,youyuge34,1,1,1,1125,1,2,CV,0.0030510510595572224,0.0019903433225152323,0.07081646881409652
skygazer42,skygazer42,1,1,1,1099,1,2,NLP,0.0019046911600775975,0.002837995419868778,0.03803890619424316
ayoolaolafenwa,ayoolaolafenwa,1,1,1,1072,1,2,CV,0.0032210383391013185,0.0011099090998496707,0.07808109282231754
ibm,IBM,1,1,1,1040,1,2,CV,0.0011494330312148632,0.0,0.02226151560733032
calciferzh,CalciferZh,1,1,1,1032,1,2,CV,0.0018939315184123787,0.0002950391278081403,0.041003571562692714
ubicomplab,ubicomplab,1,1,1,1020,1,2,CV,0.002652016038400702,0.0002575738417372653,0.06009016387287779
ggeop,ggeop,1,1,1,1004,1,2,NLP,0.0003887130175406213,0.0,0.001091026732100053
localminimum,localminimum,1,1,1,985,1,2,NLP,0.0031729839967659314,0.0004917318796802338,0.0757151741998327
uber-archive,uber-archive,1,1,1,980,1,4,NLP,0.0030361202113995175,0.008144016559656443,0.04488066035399766
3d-morphable-models,3d-morphable-models,1,1,1,968,1,2,CV,0.0004229462798186835,1.404948227657811e-05,0.0022463532738402265
wikipedia2vec,wikipedia2vec,1,1,1,964,1,2,NLP,0.0016741159793927714,0.0,0.0368431641651174
omkarpathak,OmkarPathak,1,1,1,955,1,2,NLP,0.0008008056013112646,3.746528607087496e-05,0.010596620895651098
morvanzhou,MorvanZhou,1,1,1,952,1,2,NLP,0.003460044588322983,0.005249823210681353,0.07448871463598991
marvinteichmann,MarvinTeichmann,1,1,1,920,1,2,CV,0.0039403256787518,0.014321105600591952,0.07970424002374836
luispedro,luispedro,1,1,1,884,1,2,CV,0.0027341757004254058,0.01478942167647789,0.05151261513279601
soubhiksanyal,soubhiksanyal,1,1,1,877,1,2,CV,0.002752419888260478,0.005306021139787666,0.05925095126645567
shawnyxiao,ShawnyXiao,1,1,1,812,1,2,NLP,0.00336431134122063,0.014901817534690514,0.06569552180360713
mind-lab,MIND-Lab,1,1,1,802,1,2,NLP,0.0037317635270691487,0.0010443448492256395,0.08236951677629019
openeventdata,openeventdata,1,1,1,763,1,2,NLP,0.0034929281775489666,0.002852044902145356,0.07763833894534099
redhuntlabs,redhuntlabs,1,1,1,727,1,2,NLP,0.002340792280078863,0.00016391062656007793,0.04627812779372394
apachecn,apachecn,1,1,1,720,1,2,NLP,0.00024745331563430766,0.0,0.00036630614163076235
huggingface,huggingface,2,14,1,221751,0,4,Cross-domain,0.002414042696843776,0.002116788663004435,0.0530924818828153
ymcui,ymcui,2,6,1,41353,0,11,NLP,0.002417847148267984,0.008307927186216521,0.034577329395928634
thunlp,thunlp,2,6,1,13592,0,11,NLP,0.003948460474358883,0.02584636422814486,0.07989955027934041
paddlepaddle,PaddlePaddle,2,4,1,24279,0,11,Cross-domain,0.0008984310487689931,0.005919515199198243,0.012036565022555677
lonepatient,lonePatient,2,4,1,9436,0,0,NLP,0.0011087461547453813,4.6831607588593695e-05,0.01766050819635943
zjunlp,zjunlp,2,4,1,9094,0,0,NLP,0.0021218356093894806,0.019725473116315666,0.027893935355827282
tencent,Tencent,2,4,1,8311,0,0,Cross-domain,0.0014626986001137622,9.366321517718739e-05,0.025749472536512386
shibing624,shibing624,2,3,1,7436,1,11,NLP,0.001786753628658943,0.029138626241622997,0.019268119151480054
intellabs,IntelLabs,2,3,1,5482,1,2,NLP,0.00409453870719457,0.005409050676482572,0.0746227222742435
hiyouga,hiyouga,2,2,1,75430,1,11,NLP,0.0031905186654269187,0.006528326097849961,0.05230625687478276
mlfoundations,mlfoundations,2,2,1,17817,1,4,CV,0.004772731577873848,0.024446099161245908,0.08850316964456581
datawhalechina,datawhalechina,2,2,1,6842,1,0,NLP,0.0009656984122044683,0.00014986114428349983,0.015953210780259724
scir-hi,SCIR-HI,2,2,1,6003,1,11,NLP,0.0015774364550364655,0.004327240541186057,0.018023336310376368
princeton-nlp,princeton-nlp,2,2,1,4460,1,11,NLP,0.0045398153219903484,0.036317911684954414,0.09178529938157019
kakaobrain,kakaobrain,2,2,1,2623,1,2,Cross-domain,0.002579299258429484,0.0004917318796802338,0.05889941261179605
answerdotai,AnswerDotAI,2,2,1,2511,1,11,NLP,0.00216981082517423,0.0024258772730891536,0.036591288203404876
flairnlp,flairNLP,2,1,1,14369,1,4,NLP,0.0026953429752842096,0.01218558429455208,0.03596221930469824
geeeekexplorer,GeeeekExplorer,2,1,1,13105,1,11,NLP,0.0016947761979125738,0.0004917318796802338,0.027745178107644916
morizeyao,Morizeyao,2,1,1,7604,1,11,NLP,0.003188659692740942,0.007539888821763585,0.07272450598257224
clovaai,clovaai,2,1,1,6844,1,4,Cross-domain,0.00024274637867515518,0.0,0.00034029337384800234
codertimo,codertimo,2,1,1,6530,1,11,NLP,0.0050705138625619685,0.018100416332991462,0.11896490682891654
bentrevett,bentrevett,2,1,1,4596,1,11,NLP,0.004444461584494105,0.009923617648023004,0.10608303735748685
mayocream,mayocream,2,1,1,4040,1,2,CV,0.0002785723596737391,0.0,0.0003732595866645243
yuanzhoulvpi2017,yuanzhoulvpi2017,2,1,1,3814,1,11,NLP,0.001735465213254729,0.0010209290454313426,0.03125497039597236
qdata,QData,2,1,1,3404,1,11,NLP,0.00424161748276475,0.020994609681966554,0.06567263515836552
cvi-szu,CVI-SZU,2,1,1,3049,1,11,NLP,0.0002442377647356682,0.0,6.473484298558049e-05
yangjianxin1,yangjianxin1,2,1,1,3009,1,11,NLP,0.0029877701549526087,0.003854241304541261,0.06682210419493985
kha-white,kha-white,2,1,1,2628,1,11,CV,0.0027739193073548518,0.006139623754864634,0.05905019083416196
harderthenharder,HarderThenHarder,2,1,1,2417,1,11,NLP,0.002048841933657312,0.0004823655581625151,0.04045469624070243
zhziszz,ZHZisZZ,2,1,1,2412,1,11,NLP,0.0019096898842386823,0.0006650088277580304,0.02976682262389389
google-research-datasets,google-research-datasets,2,1,1,2327,1,11,CV,0.00024931476443832605,0.0,0.0003451953650711288
tigerresearch,TigerResearch,2,1,1,2266,1,11,NLP,0.0019921188205599596,0.009319489910130145,0.034738721556158425
namisan,namisan,2,1,1,2257,1,11,NLP,0.004241175368182003,0.004182062557661417,0.092042480618639
nx-ai,NX-AI,2,1,1,2150,1,11,NLP,0.0026526483779996603,4.214844682973433e-05,0.059858078490271784
asappresearch,asappresearch,2,1,1,2113,1,11,NLP,0.0020776553936834924,0.009099381354463755,0.03954816720084142
songyouwei,songyouwei,2,1,1,2110,1,11,NLP,0.003844545781652125,0.011970158899644548,0.08946833812755421
jalammar,jalammar,2,1,1,2095,1,11,NLP,0.004894859509521952,0.020029878565641524,0.0959121117667629
jsksxs360,jsksxs360,2,1,1,1871,1,11,NLP,0.003926318555315835,0.0010302953669490613,0.09842722495776117
imcaspar,imcaspar,2,1,1,1703,1,0,NLP,0.0004814086075195062,0.0,0.0018736209479402984
timoschick,timoschick,2,1,1,1627,1,11,NLP,0.006787306752462951,0.05159906524111253,0.1460199254590387
bytedance,bytedance,2,1,1,1591,1,11,CV,0.0010272677600881594,0.000683741470793468,0.011353976376954567
robocorp,robocorp,2,1,1,1493,1,9,NLP,0.0008284168849205342,0.0,6.291391693229412e-07
cdpierse,cdpierse,2,1,1,1412,1,4,Cross-domain,0.0027003768432944564,0.004804922938589713,0.031102257497199554
sktbrain,SKTBrain,2,1,1,1409,1,11,NLP,0.0012798101785830049,0.0,0.02262823878577444
tongjilibo,Tongjilibo,2,1,1,1335,1,11,NLP,0.003072865909012755,0.007179285443331414,0.08016606622982199
hyperonym,hyperonym,2,1,1,1287,1,11,NLP,0.0024553783469253732,0.0028098964553156217,0.033605469309631736
summanlp,summanlp,2,1,1,1269,1,9,NLP,0.0009580167402366733,0.002964440760357981,5.2581364495473975e-05
3dtopia,3DTopia,2,1,1,1224,1,11,CV,0.0018662794617280098,9.834637593604676e-05,0.035880141511047785
unitaryai,unitaryai,2,1,1,1217,1,11,NLP,0.004154235929016756,0.0054371496410357285,0.09142927854665835
uber-research,uber-research,2,1,1,1154,1,11,NLP,0.0016904166046340817,0.00029972228856699966,0.0316874920540998
patil-suraj,patil-suraj,2,1,1,1146,1,0,NLP,0.0002470135070896787,0.0,0.0008405805324551486
novasearch-team,NovaSearch-Team,2,1,1,1119,1,11,NLP,0.002988189338143589,0.0018030168921608573,0.06571268943942374
liucongg,liucongg,2,1,1,1113,1,11,NLP,0.0019362064747789104,0.0,0.04490143243666737
chenyuntc,chenyuntc,2,1,1,1058,1,11,NLP,0.0005704920741782373,0.0,0.008236382795975617
bilibili,bilibili,2,1,1,1018,1,11,NLP,0.0012822287329359663,0.00020137591263095288,0.019655758863580276
neph0s,Neph0s,2,1,1,1011,1,0,NLP,0.0005933404812196848,0.00014517798352464047,0.0007994585417863567
autoliuweijie,autoliuweijie,2,1,1,987,1,11,NLP,0.0010214753205924254,0.0,0.02127340670914925
whylabs,whylabs,2,1,1,984,1,11,NLP,0.0014380603073125204,1.873264303543748e-05,0.025536044717735858
grammarly,grammarly,2,1,1,964,1,11,NLP,0.0024951006209659493,4.68316075885937e-06,0.06151429375456197
williamsysu,williamSYSU,2,1,1,909,1,11,NLP,0.004048319453683478,0.005657258196702118,0.10305883707509045
fudandisc,FudanDISC,2,1,1,906,1,11,NLP,0.001545744034834425,0.0029035596704928093,0.022371512646816093
wangyuxinwhy,wangyuxinwhy,2,1,1,877,1,11,NLP,0.0013545278414242151,0.0,0.021336659222277093
the-finai,The-FinAI,2,1,1,852,1,11,NLP,0.003230565031321196,0.0023977783085359972,0.06436571137424749
bin123apple,bin123apple,2,1,1,849,1,11,NLP,0.0027348327994342813,0.0010349785277079207,0.05979966871266253
magpie-align,magpie-align,2,1,1,848,1,11,NLP,0.0012280591106715634,5.151476834745307e-05,0.01336938890405964
zkywsg,zkywsg,2,1,1,836,1,11,NLP,0.002264108686316112,0.00036528653919103084,0.05061422882437782
smilelight,smilelight,2,1,1,835,1,11,NLP,0.001091675196516192,7.493057214174991e-05,0.02121389131935183
chenghaomou,ChenghaoMou,2,1,1,753,1,11,NLP,0.0007852734466633115,0.0,0.014062491172544156
unbabel,Unbabel,2,1,1,740,1,11,NLP,0.003413942192060095,0.018395455460799605,0.07156261499631389
tomaarsen,tomaarsen,2,1,1,736,1,11,NLP,0.0024934311067026367,0.0032969451742369963,0.04109778132651508
salesforce,salesforce,2,1,1,727,1,11,NLP,0.000999377813557883,0.0,0.014425339055013257
gabriben,gabriben,2,1,1,721,1,0,NLP,0.0007108583932677925,0.0018826306250614665,0.0007949265198311044
explosion,explosion,3,12,1,49941,0,4,NLP,0.004545090265443496,0.06130257433346915,0.06649677646417855
allenai,allenai,3,8,1,23929,0,2,Cross-domain,0.00524555714070746,0.024567861340976254,0.10280366924450515
roboflow,roboflow,3,6,1,62934,0,1,CV,0.002224577710504076,0.00033718757463787463,0.04638571844769513
skalskip,SkalskiP,3,5,1,13540,0,0,Cross-domain,0.0006800170899306725,0.00016859378731893732,0.0004967054750689111
google,google,3,4,1,40200,0,4,NLP,0.001579607480372171,0.002814579616074481,0.018656625341008468
facebookresearch,facebookresearch,3,4,1,10966,0,4,Cross-domain,0.002137504516396973,0.001507977764352717,0.042550232843173844
stanford-oval,stanford-oval,3,2,1,29711,1,4,NLP,0.0014957144119294565,0.0026132037034435284,0.012615151316718082
deepset-ai,deepset-ai,3,2,1,26724,1,4,NLP,0.0019145645633786743,0.00016391062656007793,0.030779731311629983
rasahq,RasaHQ,3,2,1,23476,1,4,NLP,0.001089354664532963,0.0015735420149767482,0.00546326393386412
pytorch,pytorch,3,2,1,21203,1,4,Cross-domain,0.0013837638293893132,0.0,0.01790031149292461
neuml,neuml,3,2,1,14175,1,4,NLP,0.0010980924711304523,0.002041858090862685,0.004513951890626831
axa-group,axa-group,3,2,1,12732,1,4,NLP,0.0012435361101453585,0.00046831607588593695,0.0005381370935474556
chiphuyen,chiphuyen,3,2,1,12637,1,0,NLP,0.0005199372607303263,0.0,0.0026252048459015505
dmlc,dmlc,3,2,1,8470,1,4,Cross-domain,0.0003765602305132605,0.0,0.0016252844588816621
lightly-ai,lightly-ai,3,2,1,5153,1,4,CV,0.0033790327129916337,0.0045332996145758695,0.06785573410536448
renumics,Renumics,3,2,1,1988,1,4,Cross-domain,0.0004349929577372496,0.0,0.0019043883780595755
haltakov,haltakov,3,2,1,1973,1,4,CV,0.0004961289389593939,0.0,0.0056161979089966495
carpedm20,carpedm20,3,2,1,1605,1,2,NLP,0.00025386778037626455,0.0,0.0006715362903077202
ultralytics,ultralytics,3,1,1,56365,1,1,CV,0.003590191364390757,0.006425296561155055,0.06821292829694103
666ghj,666ghj,3,1,1,40610,1,4,NLP,0.001488815707251185,0.004074349860207651,0.013374106241811906
humansignal,HumanSignal,3,1,1,27120,1,4,CV,0.0010863190029384451,0.00029035596704928094,0.0028762847222300746
nirdiamant,NirDiamant,3,1,1,26957,1,4,NLP,0.0006945316964515101,0.0010021964023959051,0.0008881166955344429
screenpipe,screenpipe,3,1,1,18364,1,4,CV,0.0004738042288088204,7.961373290060929e-05,7.294856434469015e-05
cvat-ai,cvat-ai,3,1,1,15704,1,4,CV,0.0007872523893632849,0.0012691365656508891,0.000836907405723798
memvid,memvid,3,1,1,15106,1,4,NLP,0.0006608248242782445,0.0003325044138790152,0.0005756922281742224
botpress,botpress,3,1,1,14648,1,4,NLP,0.002149037595639674,0.008649797921613255,0.00041881091892189467
unstructured-io,Unstructured-IO,3,1,1,14549,1,4,NLP,0.003522758904981918,0.013051969034941064,0.037962398549551725
ludwig-ai,ludwig-ai,3,1,1,11676,1,4,CV,0.003331952110779345,0.007825561628054006,0.044487725530473914
nerfstudio-project,nerfstudio-project,3,1,1,11487,1,4,CV,0.002655252312608668,0.005605743428354666,0.032333476270631635
kornia,kornia,3,1,1,11184,1,4,CV,0.004296955510347783,0.005109328387915572,0.08025212506505126
voxel51,voxel51,3,1,1,10600,1,4,CV,0.0010135140535850679,0.0014143145491755296,0.004109750702861958
rerun-io,rerun-io,3,1,1,10579,1,4,CV,0.00035968686251241307,1.404948227657811e-05,0.00028190913480609944
autogluon,autogluon,3,1,1,10257,1,4,CV,0.0003739762298322019,0.0,0.0002850225016559318
sloria,sloria,3,1,1,9513,1,2,NLP,0.00043544520133372597,1.404948227657811e-05,0.003539897985472497
activeloopai,activeloopai,3,1,1,9098,1,4,CV,0.000416501724434313,4.68316075885937e-06,0.0008050716483597057
cvhub520,CVHub520,3,1,1,8871,1,4,CV,0.0017685717810749532,0.0006322267024460149,0.02835211468508471
modelscope,modelscope,3,1,1,8870,1,4,NLP,0.0003589774086457399,0.0,0.0017150015035888764
exadel-inc,exadel-inc,3,1,1,7898,1,4,CV,0.00028153213725214815,0.0,2.188743912281347e-05
maartengr,MaartenGr,3,1,1,7556,1,4,NLP,0.004653840534819981,0.006036594218169727,0.09257415878787634
deeppavlov,deeppavlov,3,1,1,6975,1,4,NLP,0.004803649328212267,0.035985407271075395,0.07335997668507765
mycroftai,MycroftAI,3,1,1,6625,1,4,NLP,0.00028006213522864895,0.0,2.1237625828155232e-05
scikit-image,scikit-image,3,1,1,6498,1,4,CV,0.0005923163678058751,0.002285382450323372,0.0031064785235552176
lance-format,lance-format,3,1,1,6359,1,4,CV,0.00041215781770971864,9.36632151771874e-06,0.00027882244652901187
aisingapore,aisingapore,3,1,1,6279,1,4,NLP,0.00031162410641016414,0.0,2.086122813275984e-06
argosopentech,argosopentech,3,1,1,5897,1,4,NLP,0.00039070585197199424,2.3415803794296847e-05,0.000577146898679946
adbar,adbar,3,1,1,5786,1,4,NLP,0.0005237335291821355,0.0,0.001695670819017149
obss,obss,3,1,1,5250,1,1,CV,0.0035121725397091303,0.00215425394907531,0.0759112995679383
dsdanielpark,dsdanielpark,3,1,1,5209,1,4,NLP,0.0006014363841812783,4.68316075885937e-06,0.002882780609659067
autogptq,AutoGPTQ,3,1,1,5053,1,4,NLP,0.0003709680145646553,0.0,0.0005763427317243107
argilla-io,argilla-io,3,1,1,4943,1,4,NLP,0.0009354563641164751,0.0028426785806276375,0.003558324462109117
dmmaze,dmMaze,3,1,1,4733,1,4,CV,0.000398300610083128,0.0,0.002271346626388167
trigaten,trigaten,3,1,1,4687,1,4,NLP,0.00035951573255194,0.0,3.286918822696304e-07
promptslab,promptslab,3,1,1,4586,1,4,NLP,0.001422697371468779,0.002468025719918888,0.014010318371889239
mosaicml,mosaicml,3,1,1,4400,1,4,NLP,0.0009422770133282888,0.00013581166200692173,0.004296660612646213
wooorm,wooorm,3,1,1,4390,1,4,NLP,0.0006787154860273386,0.00016859378731893732,5.3721394245119624e-06
johnsnowlabs,JohnSnowLabs,3,1,1,4129,1,4,NLP,0.0008329338329593852,0.00378867705391723,0.0016619727782641283
sylphai-inc,SylphAI-Inc,3,1,1,4112,1,4,NLP,0.0004269572287697074,1.404948227657811e-05,0.0007149557358222343
open-compass,open-compass,3,1,1,4076,1,4,CV,0.0014202521555950623,0.0,0.023809219414722027
modeltc,ModelTC,3,1,1,4025,1,4,NLP,0.0009039030398342522,0.00016859378731893732,0.007390687973499274
torchgeo,torchgeo,3,1,1,4000,1,4,CV,0.0025015520455853846,0.0068655136724878356,0.04552246011675079
snipsco,snipsco,3,1,1,3965,1,4,NLP,0.00048790242347287354,0.0,0.0005618114549190777
chrieke,chrieke,3,1,1,3884,1,4,CV,0.00028829305637299906,0.0,0.00029688860486502084
ml-tooling,ml-tooling,3,1,1,3541,1,4,NLP,0.0016729160613310969,0.00690766211931757,0.0039039901122860134
aurelio-labs,aurelio-labs,3,1,1,3455,1,4,Cross-domain,0.0017376837008633923,0.0002856728062904215,0.022154698749436003
towhee-io,towhee-io,3,1,1,3446,1,4,CV,0.0031408999565646217,0.0043881216310512295,0.058382299150557315
catalyst-team,catalyst-team,3,1,1,3376,1,4,CV,0.0004450975683847695,0.0,0.0020683971290074246
vietanhdev,vietanhdev,3,1,1,3320,1,1,CV,0.0007638445888442033,0.0,0.012455792462609378
textlint,textlint,3,1,1,3116,1,4,NLP,0.0014444835968547877,0.00044021711133278074,1.9193019458674934e-05
li-plus,li-plus,3,1,1,2961,1,4,NLP,0.0006108283233853474,0.00019669275187209352,0.0023252034830963816
tensorflow,tensorflow,3,1,1,2862,1,4,NLP,0.0005645550432628475,1.404948227657811e-05,0.0009670572777222958
thisandagain,thisandagain,3,1,1,2677,1,4,NLP,0.00056263085218035,0.0001545443050423592,5.560590173179166e-05
autodistill,autodistill,3,1,1,2674,1,1,CV,0.002637629440419864,0.003919805555165292,0.057813254509641455
kevmo314,kevmo314,3,1,1,2472,1,4,CV,0.0008485584986019634,9.834637593604676e-05,1.3966977723149199e-05
xusenlinzy,xusenlinzy,3,1,1,2467,1,11,NLP,0.0011317875748905817,0.0009459984732895927,0.0076483023594481085
fhamborg,fhamborg,3,1,1,2439,1,4,NLP,0.0005456717896520627,3.746528607087496e-05,0.001629445815243449
milvus-io,milvus-io,3,1,1,2404,1,4,NLP,0.000290674656394049,0.0,0.0005108868494974205
chartbeat-labs,chartbeat-labs,3,1,1,2240,1,4,NLP,0.0014279859805667934,0.00015922746580121857,0.02235737523197928
petrochukm,PetrochukM,3,1,1,2228,1,4,NLP,0.0012898105911242218,0.004491151167746135,0.010059570090402892
azavea,azavea,3,1,1,2215,1,4,CV,0.001250274588805392,0.0021636202705930287,0.007144209941572486
derwenai,DerwenAI,3,1,1,2211,1,4,NLP,0.00033227600116162527,0.0,0.0006986904198506031
beir-cellar,beir-cellar,3,1,1,2159,1,4,NLP,0.0011303788454538899,0.002964440760357981,0.010736934247667168
universaldatatool,UniversalDataTool,3,1,1,2059,1,4,CV,0.0005554118235508783,0.003474905283073652,0.0011722359461993224
minishlab,MinishLab,3,1,1,2037,1,4,NLP,0.003955171832103265,0.013403206091855515,0.07219366423140132
kudoai,KudoAI,3,1,1,2030,1,4,NLP,0.0003544641783877143,4.214844682973433e-05,2.9915020383044432e-05
cambrian-mllm,cambrian-mllm,3,1,1,1995,1,11,CV,0.0032537320327388434,0.0102467557403843,0.05542051773675501
tatsu-lab,tatsu-lab,3,1,1,1972,1,4,NLP,0.002786764727669536,0.007179285443331414,0.04002972294479446
nanonets,NanoNets,3,1,1,1964,1,4,NLP,0.002179633668110461,0.001344067137792639,0.028822302557611163
typedgrammar,typedgrammar,3,1,1,1921,1,4,NLP,0.000776008771994007,0.00011707901897148424,0.00012508792368701716
squeezeailab,SqueezeAILab,3,1,1,1844,1,4,NLP,0.0008023545655734725,0.00021074223414867163,0.004460637210181113
shcherbak-ai,shcherbak-ai,3,1,1,1823,1,4,NLP,0.0015666622718629622,0.0045145669715404325,0.004849396513165777
robertknight,robertknight,3,1,1,1819,1,4,CV,0.00042115073337342234,0.0,1.5627447820789061e-06
symisc,symisc,3,1,1,1801,1,4,CV,0.0006665091746935469,0.002964440760357981,0.0006942441729861021
yobix-ai,yobix-ai,3,1,1,1747,1,4,NLP,0.0006474033195895412,0.002964440760357981,0.0002545658995881708
undertheseanlp,undertheseanlp,3,1,1,1724,1,4,NLP,0.0013529073454214898,6.0881089865171804e-05,0.022717506712532635
andrew-jang,Andrew-Jang,3,1,1,1715,1,4,NLP,0.0003239166048810236,0.0,2.150716469128936e-05
whitphx,whitphx,3,1,1,1700,1,4,CV,0.0004706208131204599,5.619792910631244e-05,0.001322843018146331
chrismattmann,chrismattmann,3,1,1,1653,1,4,NLP,0.0009751579715051664,2.3415803794296847e-05,0.00688317669312849
invictus717,invictus717,3,1,1,1650,1,11,CV,0.00032738505773515067,0.0,0.0013932816758677154
datamade,datamade,3,1,1,1623,1,4,NLP,0.0007926893476350493,0.0019903433225152323,0.003262453990016067
rqluo,RQLuo,3,1,1,1621,1,4,CV,0.0014441750252558116,0.00017796010883665603,0.020337607653059607
delta-ml,Delta-ML,3,1,1,1607,1,4,NLP,0.0008766188760210133,0.0003231380923612965,0.002868885787590777
capitalone,capitalone,3,1,1,1553,1,4,NLP,0.001944905624715274,0.00512337787019215,0.024621602242555572
pixeltable,pixeltable,3,1,1,1548,1,4,CV,0.0014727723472914957,0.003053420814776309,0.011524591365261
superlinked,superlinked,3,1,1,1536,1,4,NLP,0.0008536016448355494,0.002964440760357981,0.0017201058031967886
enoch3712,enoch3712,3,1,1,1531,1,4,NLP,0.0010771829565689567,0.0003980686645030464,0.008629058109112808
semperai,semperai,3,1,1,1491,1,4,CV,0.0009622952648702507,0.003039371332499731,6.598668549164067e-05
code-kern-ai,code-kern-ai,3,1,1,1470,1,4,NLP,0.0015948839298965487,0.0018264326959551542,0.012866450349435564
sb-ai-lab,sb-ai-lab,3,1,1,1458,1,1,NLP,0.0022704418976857857,0.00035592021767331207,0.0494721187606658
wenhaochai,wenhaochai,3,1,1,1445,1,4,CV,0.0008763326625975927,0.00014517798352464047,0.008214441405276711
web-arena-x,web-arena-x,3,1,1,1443,1,11,NLP,0.0012551297558676213,0.0024492930768834505,0.01134804110661702
alexsosn,alexsosn,3,1,1,1431,1,4,CV,0.000351541204746787,0.0,3.624544770357442e-06
software-mansion,software-mansion,3,1,1,1427,1,4,CV,0.001136403755144887,0.000735256239140921,9.144642791508027e-05
gunthercox,gunthercox,3,1,1,1410,1,4,NLP,0.0003604286762538021,0.0,0.0011972617736613772
obsei,obsei,3,1,1,1396,1,4,NLP,0.0022268352339245585,0.003521736890662246,0.024474593016174957
poloclub,poloclub,3,1,1,1375,1,4,CV,0.0003758885480203507,1.873264303543748e-05,0.00034322516724204027
winkjs,winkjs,3,1,1,1369,1,4,NLP,0.0005179382230573544,5.619792910631244e-05,0.0002653049593804613
iliashad,IliasHad,3,1,1,1314,1,4,CV,0.0009087334315239105,0.0003512370569144527,8.807279011990773e-05
digantamisra98,digantamisra98,3,1,1,1300,1,0,CV,0.0002584801443280456,0.0,0.000830186326605966
gnes-ai,gnes-ai,3,1,1,1267,1,4,Cross-domain,0.0006566702571125593,4.214844682973433e-05,0.0015450815227362224
sajal2692,sajal2692,3,1,1,1228,1,4,NLP,0.0006500386432881337,0.0007118404353466241,0.001443638484571322
open-edge-platform,open-edge-platform,3,1,1,1226,1,2,CV,0.000530820021676673,0.0036669148741868864,0.001404783736770139
jncraton,jncraton,3,1,1,1196,1,4,NLP,0.001249523010735353,0.0015735420149767482,0.009743255465484919
xtreme1-io,xtreme1-io,3,1,1,1185,1,4,CV,0.0003934620929456806,0.0,0.00029840936702241823
prunaai,PrunaAI,3,1,1,1166,1,4,CV,0.001081538123339048,0.0,0.014045146444074568
foochane,foochane,3,1,1,1126,1,4,NLP,0.0002996887015228812,0.0,8.443435403380319e-06
datadreamer-dev,datadreamer-dev,3,1,1,1115,1,4,NLP,0.000665807569698852,0.0014283640314521077,0.0013593831870479395
greyblake,greyblake,3,1,1,1068,1,0,NLP,0.000532633339376144,0.0009225826694952958,2.4168918094536657e-05
jfilter,jfilter,3,1,1,1010,1,4,NLP,0.0006208758718857612,0.0,0.007349983182425676
naver,naver,3,1,1,992,1,4,NLP,0.0002677262234769757,0.0,8.951524611460051e-05
tinyllava,TinyLLaVA,3,1,1,977,1,11,NLP,0.0024285594315142925,0.00023415803794296847,0.047887412931381504
vkcom,VKCOM,3,1,1,977,1,4,NLP,0.0009288086560771932,9.366321517718739e-05,0.009598142895778232
kennethleungty,kennethleungty,3,1,1,976,1,4,NLP,0.0011228974410405585,0.0004636329151270776,0.00884368423647632
paschmann,paschmann,3,1,1,966,1,4,NLP,0.0008087935545006411,0.0022994319325999506,0.0007804849351292879
waybarrios,waybarrios,3,1,1,966,1,4,CV,0.0014177810290551321,2.3415803794296847e-05,0.02272639344252062
iaar-shanghai,IAAR-Shanghai,3,1,1,965,1,4,NLP,0.0031898000700606413,0.00631758386370129,0.05776972584976351
sberbank-ai-lab,sberbank-ai-lab,3,1,1,924,1,1,NLP,0.0022589707707089753,0.0003512370569144527,0.05178881600649106
rodrigopivi,rodrigopivi,3,1,1,888,1,4,NLP,0.0013042963723441882,0.002571055256613794,0.0007796950597682614
georgian-io,georgian-io,3,1,1,872,1,4,NLP,0.0018307268735736387,0.003901072912129855,0.01338338006662948
zamalali,zamalali,3,1,1,866,1,4,NLP,0.0013451131029968495,0.0005619792910631243,0.013812807436075653
monarch-initiative,monarch-initiative,3,1,1,860,1,4,NLP,0.0006094356408610651,5.619792910631244e-05,0.0026999076513017574
soskek,soskek,3,1,1,855,1,4,NLP,0.00035156243451378523,0.0,0.0005442021410630494
kengz,kengz,3,1,1,845,1,4,NLP,0.0003213696955865386,0.0,2.776812530987045e-05
yvann-ba,yvann-ba,3,1,1,813,1,4,NLP,0.0005711549859279271,0.0,0.0031626722834925424
jerryji1993,jerryji1993,3,1,1,749,1,4,NLP,0.00025481312713243517,0.0,7.540584622648949e-05
alvations,alvations,3,1,1,747,1,4,NLP,0.0006180940065430214,0.00012176217973034361,0.0036985453058777013
titipata,titipata,3,1,1,730,1,4,NLP,0.001229092560203709,0.002369679343982841,0.009258987346160904
microsoft,microsoft,4,10,1,121257,0,0,Cross-domain,0.0028658710684104976,0.0007914541682472334,0.0609920135859914
nvlabs,NVlabs,4,3,1,23138,1,1,CV,0.0025072878042008764,0.006158356397900071,0.0435643487287677
idealo,idealo,4,3,1,12670,1,0,CV,0.002633995971237785,0.000861701579630124,0.06325487316826296
alibaba,alibaba,4,3,1,6176,1,1,Cross-domain,0.0016938298500393668,0.0,0.03659233104681812
pkhungurn,pkhungurn,4,3,1,4222,1,4,CV,0.0009779273058903354,0.005343486425858541,0.006669654428027978
nv-tlabs,nv-tlabs,4,3,1,3987,1,1,CV,0.0022196793333348957,0.0002575738417372653,0.04835689800538338
lucidrains,lucidrains,4,2,1,26632,1,1,CV,0.0024449142562226866,0.003207965119818668,0.0471707731652658
wkentaro,wkentaro,4,2,1,17562,1,2,CV,0.00405240902081352,0.0062145543270063835,0.09924112649220629
peterl1n,PeterL1n,4,2,1,16478,1,1,CV,0.0024858638106144493,0.0,0.06383805748172214
xuebinqin,xuebinqin,4,2,1,12256,1,1,CV,0.0025274593017650263,0.0,0.06582569596494602
cleardusk,cleardusk,4,2,1,6805,1,1,CV,0.006683474402639338,0.13744608511176365,0.15979472576220932
nianticlabs,nianticlabs,4,2,1,5904,1,1,CV,0.001012996556058403,0.00012176217973034361,0.00400240338771615
hustvl,hustvl,4,2,1,4452,1,1,CV,0.002700833515169112,0.0009600479555661708,0.0637059882500758
yassouali,yassouali,4,2,1,3667,1,4,CV,0.0033248728679770813,0.0019528780364443572,0.08089895625847535
gaparmar,GaParmar,4,2,1,3572,1,1,CV,0.004077837133391806,0.01181093143384333,0.09585643310300211
mit-spark,MIT-SPARK,4,2,1,2947,1,0,CV,0.002659623552155252,0.002964440760357981,0.052814408940737564
yuliangxiu,YuliangXiu,4,2,1,2864,1,1,CV,0.0017839874355739052,9.834637593604676e-05,0.0390051553648058
andyzeng,andyzeng,4,2,1,1993,1,4,CV,0.0011568757616933379,0.009094698193704896,0.0017683025499037961
jumpat,Jumpat,4,2,1,1966,1,1,CV,0.0032964066374527837,0.009202410891158662,0.07067162244975135
graphdeco-inria,graphdeco-inria,4,1,1,21522,1,1,CV,0.004007109540384759,0.031002524223649026,0.05805122828667272
jacobgil,jacobgil,4,1,1,12772,1,1,CV,0.0053693534834560715,0.0032735293704426994,0.13463890599614223
qubvel-org,qubvel-org,4,1,1,11505,1,1,CV,0.0049668565421339995,0.013997967508230656,0.1089915304877124
serpentai,SerpentAI,4,1,1,6984,1,1,CV,0.0014193622644609071,0.0,0.03605097000133307
ofa-sys,OFA-Sys,4,1,1,5878,1,1,Cross-domain,0.003637070244818768,0.002364996183223982,0.0978344582208161
layout-parser,Layout-Parser,4,1,1,5719,1,4,CV,0.00046293471339809843,1.404948227657811e-05,0.0004713774400272061
hzwer,hzwer,4,1,1,5395,1,1,CV,0.004338950835518502,0.002116788663004435,0.11642959530504227
rohitg00,rohitg00,4,1,1,4914,1,11,Cross-domain,0.003237943132953311,0.0013862155846223734,0.0719968206862593
fundamentalvision,fundamentalvision,4,1,1,4436,1,1,CV,0.00024738306693533824,0.0,0.00020569318069417562
dsgiitr,dsgiitr,4,1,1,4348,1,1,Cross-domain,0.004347226876614246,0.0034327568362439178,0.11670072714558226
foolwood,foolwood,4,1,1,3547,1,1,CV,0.004371265987796157,0.0045426659360935885,0.10264462575649844
podgorskiy,podgorskiy,4,1,1,3519,1,1,CV,0.00399542287290663,0.000215425394907531,0.10360728060307353
girafe-ai,girafe-ai,4,1,1,3475,1,1,CV,0.0017223548836566844,0.0,0.046546561992940855
tianzhi0549,tianzhi0549,4,1,1,3345,1,1,CV,0.0037510413333203046,0.004589497543682182,0.0922721904691798
deepdoctection,deepdoctection,4,1,1,3163,1,1,NLP,0.0012747491221353035,0.0038308255007469642,0.01575652543291674
mrnerf,MrNeRF,4,1,1,2912,1,1,CV,0.0004969259509073474,5.619792910631244e-05,0.0016775514951777504
rmurai0610,rmurai0610,4,1,1,2895,1,2,CV,0.0008222417188800369,7.024741138289054e-05,0.011409358848970376
idea-research,IDEA-Research,4,1,1,2789,1,1,CV,0.0011112290215006498,0.002725599561656153,0.025146061588206377
hypox64,HypoX64,4,1,1,2574,1,1,CV,0.004032532878044846,0.0007961373290060928,0.10466481981410593
taesungp,taesungp,4,1,1,2506,1,1,CV,0.003241197155316448,0.006547058740885399,0.07636470849546047
scannet,ScanNet,4,1,1,2279,1,0,CV,0.00048752581712666423,0.0,0.00040864544602671704
kingyiusuen,kingyiusuen,4,1,1,2164,1,1,CV,0.0012461144045630027,3.746528607087496e-05,0.017671469635224063
mukosame,Mukosame,4,1,1,2104,1,1,CV,0.002645059499392133,5.151476834745307e-05,0.07262140529407074
yatenglg,yatengLG,4,1,1,2104,1,1,CV,0.002330633784521621,0.0007165235961054836,0.053476329499825205
spla-tam,spla-tam,4,1,1,2101,1,1,CV,0.0021311307901806355,0.0035685684982508397,0.030592162788182917
muskie82,muskie82,4,1,1,2053,1,1,CV,0.0015893665142376523,0.0016765715516716543,0.022795149835741085
haitongli,haitongli,4,1,1,1985,1,1,CV,0.004022560591801231,0.0025148573275074813,0.10824520424835826
adobe-research,adobe-research,4,1,1,1971,1,1,CV,0.0005051020814474359,3.2782125312015585e-05,0.0012349281002189251
apple,apple,4,1,1,1967,1,1,CV,0.0013618017640702569,4.6831607588593695e-05,0.029588149670978416
google-deepmind,google-deepmind,4,1,1,1862,1,1,CV,0.0025431180752693173,8.429689365946866e-05,0.06305613453800434
klingairesearch,KlingAIResearch,4,1,1,1783,1,1,CV,0.002319617997722139,0.0006509593454814524,0.04918263913408478
dog-qiuqiu,dog-qiuqiu,4,1,1,1747,1,1,CV,0.00024669387588048536,0.0,0.000557750814458608
minivision-ai,minivision-ai,4,1,1,1699,1,1,CV,0.0038196981431484712,0.0054980307309009,0.09788594799613934
adobe,adobe,4,1,1,1683,1,1,CV,0.0023893082121423078,0.0021448876275575912,0.06373896545931224
nyu-mll,nyu-mll,4,1,1,1676,1,1,NLP,0.002868758908384333,0.004622279668994198,0.06828045958056572
aws-samples,aws-samples,4,1,1,1613,1,1,CV,0.0008136640820857457,0.002978490242634559,0.008503040001210448
yoshitomo-matsubara,yoshitomo-matsubara,4,1,1,1613,1,1,NLP,0.0002910855207060441,0.0,0.001065414568203494
symforce-org,symforce-org,4,1,1,1597,1,1,CV,0.0007293491915524241,0.005371585390411697,0.0010219341902160998
lufficc,lufficc,4,1,1,1590,1,1,CV,0.0031487294634404525,0.002805213294556762,0.08032928189497632
ai-forever,ai-forever,4,1,1,1570,1,1,CV,0.0025714546407641227,4.68316075885937e-06,0.06644656230604411
qingyonghu,QingyongHu,4,1,1,1537,1,0,CV,0.00024253730545494438,0.0,0.00019299476264748408
tstanislawek,tstanislawek,4,1,1,1509,1,1,NLP,0.00047677636840502403,0.00029035596704928094,0.000289159431418261
piddnad,piddnad,4,1,1,1455,1,1,CV,0.005191036446900444,0.01277566255016836,0.12237024315894125
hysts,hysts,4,1,1,1445,1,1,CV,0.002269141597263734,0.0,0.06634311128993485
toandaominh1997,toandaominh1997,4,1,1,1443,1,1,CV,0.004066548542219703,0.0130707016779765,0.0965141111858939
bachili,BachiLi,4,1,1,1438,1,2,CV,0.0002607971267811526,0.0,0.00045911067202686535
torchgan,torchgan,4,1,1,1424,1,1,CV,0.0042919739865332675,0.0012223049580622955,0.1075318801276355
dailenson,dailenson,4,1,1,1370,1,1,CV,0.00047092150856623666,0.0,0.0024078802267008285
brokensource,BrokenSource,4,1,1,1366,1,1,CV,0.002167700982422385,1.404948227657811e-05,0.05301636161512782
torchssl,TorchSSL,4,1,1,1366,1,4,CV,0.0006902974893554626,4.214844682973433e-05,0.003549628207406008
milanlproc,MilaNLProc,4,1,1,1266,1,1,NLP,0.004264787658733996,0.003151767190712356,0.10345119292652204
fantasy-studio,Fantasy-Studio,4,1,1,1245,1,1,CV,0.000361520136845993,0.0,0.0004654951791767385
xvjiarui,xvjiarui,4,1,1,1219,1,1,CV,0.0002866500662215603,0.0,0.001728053274419919
hypergan,HyperGAN,4,1,1,1186,1,1,CV,0.004317091597618585,0.005020348333497245,0.09149734184279706
roatienza,roatienza,4,1,1,1185,1,1,NLP,0.0031960665170827967,0.0031985987983009496,0.07523926528232602
lpiccinelli-eth,lpiccinelli-eth,4,1,1,1175,1,1,CV,0.0035370959382600505,0.0011754733504737017,0.08100079744639191
cleanlab,cleanlab,4,1,1,1171,1,1,CV,0.003381324545842613,0.001568858854217889,0.07988693656505784
linketic,Linketic,4,1,1,1151,1,1,CV,0.0004341546359286219,0.0,0.002286127559068769
vladimiryugay,VladimirYugay,4,1,1,1150,1,1,CV,0.0015258381893898335,0.00014986114428349983,0.023531652647185763
chengtan9907,chengtan9907,4,1,1,1095,1,1,CV,0.0016676437785505182,0.00011239585821262488,0.034500014412394295
noahcao,noahcao,4,1,1,1083,1,1,CV,0.002636711033110968,9.36632151771874e-06,0.06914195546895412
cvg,cvg,4,1,1,1082,1,1,CV,0.0025136143462049136,0.0,0.0624767693709396
xverse-engine,xverse-engine,4,1,1,1056,1,1,CV,0.0003660910870035869,0.0,0.0013112604631046467
aangelopoulos,aangelopoulos,4,1,1,1038,1,1,CV,0.0020157397197351303,0.00020605907338981227,0.04527578576908888
yashbhalgat,yashbhalgat,4,1,1,1035,1,1,CV,0.00028181208105789276,0.0,0.00022467772724456172
withoutbg,withoutbg,4,1,1,1023,1,1,CV,0.00024790794241311874,0.0,0.0006470524348668429
wpeebles,wpeebles,4,1,1,1014,1,1,CV,0.004864838905472416,0.020699570554158414,0.09389903763867914
xiaoyufenfei,xiaoyufenfei,4,1,1,1007,1,1,CV,0.002722735177908676,0.0006415930239637336,0.07445240619743274
maximeraafat,maximeraafat,4,1,1,997,1,1,CV,0.0004555119741898589,0.0,0.002509545053418173
hukenovs,hukenovs,4,1,1,984,1,1,CV,0.0018191255016254035,0.0,0.04705522364179562
keras-team,keras-team,4,1,1,976,1,1,NLP,0.002641796043499411,0.0029503912780814026,0.06491007774886905
denis2054,Denis2054,4,1,1,961,1,1,NLP,0.0002713483883485777,0.0,5.482385022488892e-05
qinzheng93,qinzheng93,4,1,1,949,1,1,CV,0.002846067181335938,0.00048704871892137443,0.07319991764579906
stanfordvl,StanfordVL,4,1,1,938,1,4,CV,0.0006705911321122052,7.024741138289054e-05,0.0022856083030845034
forth-modelbasedtracker,FORTH-ModelBasedTracker,4,1,1,930,1,2,CV,0.0004985454367429266,0.0,0.0024982746656584892
antoniotepsich,AntonioTepsich,4,1,1,921,1,1,CV,0.004812695570010033,0.005010982011979526,0.12345795163859292
yurijmikhalevich,yurijmikhalevich,4,1,1,913,1,1,CV,0.0047664660135456425,0.010710388655511379,0.10914879028277939
evelynfan,EvelynFan,4,1,1,912,1,1,CV,0.0035474017560947904,0.000557296130304265,0.09254886558036929
baegwangbin,baegwangbin,4,1,1,904,1,1,CV,0.0007228310189932741,1.404948227657811e-05,0.003958549407459985
mac-vo,MAC-VO,4,1,1,900,1,1,CV,0.002621653574948886,0.005811802501744478,0.0532559309791884
megvii-research,megvii-research,4,1,1,900,1,1,CV,0.002709990232800275,0.000721206756864343,0.07098364278048976
perone,perone,4,1,1,873,1,1,CV,0.00396588263912961,0.0007680383644529367,0.10656826839272691
junruxiong,junruxiong,4,1,1,800,1,1,NLP,0.002425713715707154,0.006490860811779086,0.049072830668203254
amusi,amusi,5,9,1,58728,0,0,CV,0.0008056160398495231,0.0,3.5566241114356573e-06
junyanz,junyanz,5,5,1,45806,0,0,CV,0.001635194347292272,0.006518959776332243,0.018198492899017853
dair-ai,dair-ai,5,4,1,32603,0,0,NLP,0.0005973762702859474,0.00011707901897148424,8.524933105508039e-06
pemistahl,pemistahl,5,4,1,4927,0,0,NLP,0.0016651834931544472,0.018297109084863556,0.0019138857725950326
brightmart,brightmart,5,3,1,18801,1,0,NLP,0.0018833981080377555,0.008368808276081694,0.0068397122444623796
bigscience-workshop,bigscience-workshop,5,3,1,14104,1,4,NLP,0.0003827632163935617,0.0,1.2556876267940519e-05
louisfb01,louisfb01,5,3,1,8339,1,0,CV,0.00040676249010543206,0.0,4.035647987556655e-05
d2l-ai,d2l-ai,5,2,1,106125,1,0,CV,0.0003020047297822221,0.0,0.0009402066956615621
eugeneyan,eugeneyan,5,2,1,31663,1,4,Cross-domain,0.0008222325639607739,5.619792910631244e-05,0.00023444429199022653
stanfordnlp,stanfordnlp,5,2,1,17846,1,7,NLP,0.0017833291128551833,0.0030768366185706057,0.002746510094680298
esimov,esimov,5,2,1,15180,1,0,CV,0.001792708182105573,0.006106841629552618,1.6833732681718322e-05
extreme-assistant,extreme-assistant,5,2,1,14793,1,0,CV,0.000578981148009212,0.0,1.362092374752207e-08
openmvg,openMVG,5,2,1,10774,1,0,CV,0.0014131445192336993,0.007230800211678867,0.0006142908690502498
nlpchina,NLPchina,5,2,1,8047,1,7,NLP,0.0019639223573789987,0.005633842392907822,0.00010844249906132332
luban-agi,luban-agi,5,2,1,7079,1,0,NLP,0.0013086022848959103,0.009464667893654787,2.81703423559722e-05
openvenues,openvenues,5,2,1,5655,1,0,NLP,0.0003277229745639988,0.0,0.00023524516496471328
cluebenchmark,CLUEbenchmark,5,2,1,5433,1,0,NLP,0.0009055255701371642,0.005919515199198243,0.0007814892198802936
neuralmagic,neuralmagic,5,2,1,5306,1,12,Cross-domain,0.00042168666052302213,0.0,0.0005475408991652238
kenshohara,kenshohara,5,2,1,5176,1,0,CV,0.0004458033970059046,0.0,0.00016077530740208476
unrealcv,unrealcv,5,2,1,3192,1,0,CV,0.0007133333986370871,0.00033718757463787463,2.7513465536141638e-05
separius,Separius,5,2,1,3104,1,0,NLP,0.0010147132075690906,0.00042148446829734325,0.0022334395145510747
jiakui,Jiakui,5,2,1,2757,1,0,NLP,0.0010163983983388037,0.005924198359957103,0.00042684366892339394
developer-y,Developer-Y,5,1,1,80459,1,0,CV,0.000589091968816097,0.0,4.2551897377923575e-08
hankcs,hankcs,5,1,1,36270,1,7,NLP,0.000373656911013515,0.0,5.69266252897833e-07
cmu-perceptual-computing-lab,CMU-Perceptual-Computing-Lab,5,1,1,33996,1,0,CV,0.0021902071453884816,0.018826306250614665,0.003776669984977128
hqwu-hitcs,HqWu-HITCS,5,1,1,22536,1,11,NLP,0.0007073515034972207,0.009001034978527708,0.0006186515032201825
keon,keon,5,1,1,18433,1,0,NLP,0.0010478735719534678,0.002631936346478966,0.0009357097706319248
bharathgs,bharathgs,5,1,1,16480,1,0,Cross-domain,0.0018118197031296898,0.0071090380319485235,0.0005419707796612841
oxford-cs-deepnlp-2017,oxford-cs-deepnlp-2017,5,1,1,15857,1,0,NLP,0.0004702599277909999,5.619792910631244e-05,1.6271366112131718e-05
davisking,davisking,5,1,1,14366,1,0,CV,0.0009222612482145812,0.00018264326959551542,2.7078201916782103e-05
kmario23,kmario23,5,1,1,12802,1,0,CV,0.001102298862378876,0.0030300050109820123,6.77556879387553e-06
zalandoresearch,zalandoresearch,5,1,1,12710,1,0,CV,0.0005409052706989755,2.3415803794296847e-05,0.0010803039647336084
phillipi,phillipi,5,1,1,10626,1,0,CV,0.002173603134878057,0.003025321850223153,0.00903732020843927
mooler0410,Mooler0410,5,1,1,10177,1,0,NLP,0.001006865999737336,0.0005994445771339993,0.00046170791418508094
dusty-nv,dusty-nv,5,1,1,8821,1,0,CV,0.0007216746172072307,0.00019669275187209352,0.0005266689145232355
realsenseai,realsenseai,5,1,1,8715,1,0,CV,0.0006895921918069114,0.0,5.702550851919452e-09
bytedeco,bytedeco,5,1,1,8309,1,7,CV,0.000496779760320254,0.0,1.3449425980478255e-05
woooodyy,WooooDyy,5,1,1,8112,1,0,NLP,0.0014370833179265599,0.002041858090862685,0.0003003760131334094
jessevig,jessevig,5,1,1,8026,1,0,NLP,0.0012870691886024037,0.00042148446829734325,0.006985136377218752
hybridgroup,hybridgroup,5,1,1,7430,1,0,CV,0.0009549910828442487,0.0,7.76347397544761e-06
pliang279,pliang279,5,1,1,6866,1,0,CV,0.0029264296993821402,0.01812383213678576,6.825599577538388e-05
amitness,amitness,5,1,1,6851,1,0,NLP,0.0008916737148835575,0.0055729613030426495,3.7094338445177714e-05
jason718,jason718,5,1,1,6383,1,0,CV,0.0015106150518480691,0.0041633299146259795,0.0002994299733887617
haifengl,haifengl,5,1,1,6368,1,7,Cross-domain,0.00036202271796270007,0.0,9.615023455021302e-07
kevinmusgrave,KevinMusgrave,5,1,1,6315,1,0,CV,0.00036966267244953126,0.0,1.4529272012490122e-06
zihangdai,zihangdai,5,1,1,6177,1,0,NLP,0.0015524860114881347,0.0026038373819258095,0.009566363102955432
shimat,shimat,5,1,1,5970,1,7,CV,0.0006145589989724804,0.0,1.1536297109587762e-09
houbb,houbb,5,1,1,5795,1,7,NLP,0.0005418888887853277,0.0,1.162625936407919e-06
amdegroot,amdegroot,5,1,1,5234,1,0,CV,0.0018447322373266752,0.008490570455812037,0.006347403572878712
sreeharierk,sreeharierk,5,1,1,5154,1,0,CV,0.000703552993044755,4.6831607588593695e-05,0.0005924958187520791
zhec,ZheC,5,1,1,5127,1,0,CV,0.0010498750736846185,0.0002763064847727028,0.0014695862942258066
cmhungsteve,cmhungsteve,5,1,1,5034,1,0,CV,0.0013884553786797339,0.0005151476834745306,0.00021761989550663196
yanshengjia,yanshengjia,5,1,1,4733,1,0,Cross-domain,0.0013054274788686815,0.003254796727407262,3.7262185560942513e-07
accord-net,accord-net,5,1,1,4547,1,7,CV,0.0008804359060774843,0.002964440760357981,2.183547360491661e-07
spro,spro,5,1,1,4547,1,0,NLP,0.0011109445694186156,0.002987856564152278,0.002037195216843983
aaronjackson,AaronJackson,5,1,1,4523,1,0,CV,0.00029779095150350623,0.0,1.6911626620306886e-05
ceres-solver,ceres-solver,5,1,1,4452,1,0,CV,0.0012291014605701632,0.0033063114957547148,0.0002695688006996982
dalinvip,dalinvip,5,1,1,4188,1,0,NLP,0.0008488097284658407,0.0,6.188288931135224e-12
eosphoros-ai,eosphoros-ai,5,1,1,3600,1,0,NLP,0.0009349251116723281,0.000608810898651718,0.0002302121590906299
m-3lab,M-3LAB,5,1,1,3488,1,0,CV,0.0007289343301460321,4.68316075885937e-06,1.1739843114870285e-05
xinghaochen,xinghaochen,5,1,1,3362,1,0,CV,0.0012955795217663268,0.006813998904140383,8.429088498424502e-05
codefuse-ai,codefuse-ai,5,1,1,3312,1,0,NLP,0.000804981140791295,4.6831607588593695e-05,0.0003358204919753301
arm-software,ARM-software,5,1,1,3139,1,0,CV,0.00028890397089231475,0.0,1.880747428372764e-05
jingyi0000,jingyi0000,5,1,1,3112,1,0,CV,0.001327273734857639,0.029082428312516687,0.0015767533312087644
jdkato,jdkato,5,1,1,3074,1,0,NLP,0.0007995414720430522,0.0,1.800441627773514e-07
guillaume-be,guillaume-be,5,1,1,3057,1,4,NLP,0.0014476534429050294,0.004772140813277698,0.0026556346092848036
weiaicunzai,weiaicunzai,5,1,1,3057,1,0,CV,0.0014271167372843366,0.005924198359957103,2.8517253154587956e-06
kyubyong,Kyubyong,5,1,1,3013,1,0,NLP,0.0014967753415215971,0.004552032257611307,0.0009016873577225415
endymecy,endymecy,5,1,1,2997,1,0,NLP,0.000534468165617217,4.6831607588593695e-05,3.677085414645185e-05
cartucho,Cartucho,5,1,1,2975,1,0,CV,0.00036723864338023893,0.0,0.00035091746382296074
taishi-i,taishi-i,5,1,1,2974,1,0,NLP,0.0010965744048929138,0.005919515199198243,1.0022521516458762e-07
dsksd,DSKSD,5,1,1,2945,1,0,NLP,0.0004862151969064781,1.404948227657811e-05,0.000989569238645128
jbesomi,jbesomi,5,1,1,2909,1,4,NLP,0.0008092290959894998,0.00040275182526190576,0.0013782384918552138
ndrplz,ndrplz,5,1,1,2908,1,0,CV,0.0004000121950941362,0.0,3.777367409003427e-06
sgrvinod,sgrvinod,5,1,1,2892,1,0,CV,0.0017003605999779039,0.0018732643035437478,0.0083466350205884
adapter-hub,adapter-hub,5,1,1,2811,1,4,NLP,0.0007593505734752844,0.002964440760357981,1.4012414906382569e-05
go-ego,go-ego,5,1,1,2807,1,0,NLP,0.0008521803478375562,6.0881089865171804e-05,1.5732873625880443e-06
sharpai,SharpAI,5,1,1,2697,1,0,CV,0.0004268675477401397,0.0,0.00022591111877655044
kupynorest,KupynOrest,5,1,1,2637,1,0,CV,0.0007266197485619348,7.961373290060929e-05,0.003947539298462389
gjy3035,gjy3035,5,1,1,2592,1,0,CV,0.0007047811236212723,0.0,1.3538946126179707e-06
ganjinzero,GanjinZero,5,1,1,2584,1,0,NLP,0.0008060333497235674,0.002964440760357981,3.5729054940472453e-06
km1994,km1994,5,1,1,2582,1,0,NLP,0.0003464198945692314,0.0,5.871575438665818e-06
cbsudux,cbsudux,5,1,1,2479,1,0,CV,0.0014339601402939533,0.009277341463300412,0.0004615828436849518
github,github,5,1,1,2426,1,4,NLP,0.0018556663770120092,0.003854241304541261,0.007959254173090456
strasdat,strasdat,5,1,1,2407,1,0,CV,0.0009713464047853722,0.00017327694807779668,5.478355820954475e-06
tryolabs,tryolabs,5,1,1,2405,1,0,CV,0.0005002751678521441,3.2782125312015585e-05,0.0009276129459018356
eon01,eon01,5,1,1,2361,1,0,NLP,0.001634746532340943,0.002964440760357981,8.727212228139845e-10
manfreddiaz,manfreddiaz,5,1,1,2351,1,0,CV,0.0014919196172971632,0.00631758386370129,0.0005178849433712323
jasonkessler,JasonKessler,5,1,1,2327,1,0,NLP,0.0009570163663143326,0.00041211814677962453,0.0026347691557898818
oaid,OAID,5,1,1,2322,1,0,CV,0.0003203216177586229,0.0,0.0007108947949876121
tingfree,TingFree,5,1,1,2242,1,0,NLP,0.0005903126446213486,0.0,1.79060681993248e-08
zjukg,zjukg,5,1,1,2175,1,0,NLP,0.0015267362852253268,0.004959467243632072,0.0007039384415449428
mrpt,MRPT,5,1,1,2128,1,0,CV,0.001309311615140811,0.0035170537299033864,2.457446687793094e-06
bgshih,bgshih,5,1,1,2106,1,0,CV,0.0004416077230752555,4.68316075885937e-06,0.00033180043058010904
ajbrock,ajbrock,5,1,1,2080,1,0,CV,0.0005913040882979837,0.0,0.001784607323237545
innovation-cat,innovation-cat,5,1,1,2076,1,0,CV,0.0014268468703051342,0.0,3.723001097896831e-09
ivan-bilan,ivan-bilan,5,1,1,2040,1,4,NLP,0.001557398097736857,0.006064693182722884,0.0012118279423373238
lucasb-eyer,lucasb-eyer,5,1,1,2016,1,0,CV,0.0005199322110740296,6.0881089865171804e-05,0.0014149455975691618
chaoyanghe,chaoyanghe,5,1,1,2014,1,0,CV,0.0018559321600248478,0.008874589638038506,3.4360331306514555e-07
lmd0311,LMD0311,5,1,1,1995,1,0,CV,0.0012516270162682133,0.0,1.1305372234265798e-05
youngfish42,youngfish42,5,1,1,1978,1,0,CV,0.0013072635933840976,0.0,3.015330914743675e-09
patrikhuber,patrikhuber,5,1,1,1974,1,0,CV,0.0007627642507850247,0.0006275435416871556,6.514584728936934e-05
rguthrie3,rguthrie3,5,1,1,1953,1,0,NLP,0.0008673920848645638,0.0003231380923612965,0.0007215104423066524
pierluigiferrari,pierluigiferrari,5,1,1,1871,1,0,CV,0.0009456162668126534,0.0003231380923612965,0.0013710384035367951
nlpodyssey,nlpodyssey,5,1,1,1849,1,0,NLP,0.001243296005744826,0.0029035596704928093,2.0826993857082725e-05
alibabaresearch,AlibabaResearch,5,1,1,1829,1,0,CV,0.00044165283011908383,9.36632151771874e-06,3.353565706034389e-05
didi,didi,5,1,1,1814,1,0,NLP,0.0004791511078505115,4.68316075885937e-06,0.0004444233694332902
zhihongz,zhihongz,5,1,1,1803,1,0,CV,0.0006533642760046059,0.0,9.696009281925105e-07
chineseglue,ChineseGLUE,5,1,1,1788,1,0,NLP,0.0007551298577577802,0.0013908987453812329,0.0007278322425320137
xavier-zy,xavier-zy,5,1,1,1788,1,0,Cross-domain,0.0006325288534650271,0.0,1.4764167976955046e-05
longcw,longcw,5,1,1,1771,1,0,CV,0.0005164101911750653,2.809896455315622e-05,0.0001384192985052231
artivis,artivis,5,1,1,1755,1,0,CV,0.0007446293313084472,0.0024633425591600285,7.458930654003337e-06
aiff22,aiff22,5,1,1,1714,1,0,CV,0.000484735756441197,0.0,0.0014701968907376145
airaria,airaria,5,1,1,1697,1,0,NLP,0.0012026735264530027,0.0005385634872688275,0.004588704289523177
graph4ai,graph4ai,5,1,1,1687,1,4,NLP,0.0005675499187715299,6.0881089865171804e-05,0.0009884123022597588
jiachenli94,jiachenli94,5,1,1,1676,1,0,CV,0.0020804926117632423,0.00898230233549227,0.00016261595237780543
victordibia,victordibia,5,1,1,1670,1,0,CV,0.0017902317268004315,0.01322056282226,0.004887682466030519
changh95,changh95,5,1,1,1660,1,0,CV,0.0010441798248323544,0.0011520575466794048,0.0006563732280700053
neomatrix369,neomatrix369,5,1,1,1660,1,4,NLP,0.0003329958645735927,0.0,4.911005521222894e-05
jasonwei20,jasonwei20,5,1,1,1652,1,0,NLP,0.0005187058675010328,0.0,0.001234467473151348
apache,apache,5,1,1,1593,1,7,NLP,0.00171130314520643,0.006589207187715133,4.316380806250886e-05
snavely,snavely,5,1,1,1575,1,0,CV,0.0006043871406139309,6.556425062403117e-05,0.00032677086038621165
juand-r,juand-r,5,1,1,1571,1,0,NLP,0.00035080948157490213,0.0,1.953376382045437e-06
zubair-irshad,zubair-irshad,5,1,1,1560,1,0,CV,0.00109918066556262,0.0004495834328504995,0.00016849741220407796
bfelbo,bfelbo,5,1,1,1554,1,4,NLP,0.0003540973310623295,0.0,0.0007127558184575309
konlpy,konlpy,5,1,1,1486,1,0,NLP,0.000442474011733532,5.151476834745307e-05,5.235321538761023e-07
csailvision,CSAILVision,5,1,1,1462,1,0,CV,0.0005865732759063602,9.36632151771874e-06,0.001524994834569077
una-dinosauria,una-dinosauria,5,1,1,1457,1,0,CV,0.0008177402379971853,2.3415803794296847e-05,0.000357193392517954
demidovakatya,demidovakatya,5,1,1,1449,1,0,NLP,0.0005210538427187531,0.0,2.0486151780675017e-09
yangzhangcst,Yangzhangcst,5,1,1,1445,1,0,CV,0.0008473340818699554,0.0,4.344905097736115e-06
hkustdial,HKUSTDial,5,1,1,1417,1,0,NLP,0.0005022339493164572,0.0,6.460923069256422e-06
dwctod,DWCTOD,5,1,1,1414,1,0,CV,0.0011733264710592326,1.873264303543748e-05,4.203861878310282e-06
oracle,oracle,5,1,1,1409,1,7,NLP,0.0005468420818965113,0.0,1.1240084387103768e-05
yao8839836,yao8839836,5,1,1,1392,1,15,NLP,0.00034233080216785705,0.0,1.922193510664248e-06
fukuball,fukuball,5,1,1,1377,1,4,NLP,0.0005682987949550433,0.0027958469730390437,0.000246951960732006
om-ai-lab,om-ai-lab,5,1,1,1373,1,0,CV,0.001810348407489689,0.02948518013777859,0.020129705285376935
imagej,imagej,5,1,1,1363,1,7,CV,0.0005595365842725182,5.619792910631244e-05,2.0682096404327104e-05
balavenkatesh3322,balavenkatesh3322,5,1,1,1360,1,0,CV,0.00031089800259675104,0.0,2.9077637749235984e-06
zapdos-labs,zapdos-labs,5,1,1,1357,1,0,CV,0.0003509247980662798,0.0,5.930151353871982e-08
dirtyharrylyl,DirtyHarryLYL,5,1,1,1343,1,0,CV,0.002789270376517873,0.011014794104837237,0.0003674550498768209
dengbocong,DengBoCong,5,1,1,1330,1,0,NLP,0.0010678006018019904,0.0030440544932585903,0.0008532285217233382
omarsar,omarsar,5,1,1,1323,1,0,NLP,0.0008870668665247811,0.0003512370569144527,0.001267312362904957
ahmetaa,ahmetaa,5,1,1,1321,1,7,NLP,0.0010259609321398057,0.007286998140785179,0.00017521978239347073
aitorzip,aitorzip,5,1,1,1321,1,0,CV,0.00031038844077828115,0.0,0.0006609204745622426
linkedin,linkedin,5,1,1,1267,1,4,NLP,0.0006040541950984795,4.68316075885937e-06,0.002224806387551658
nvidia-merlin,NVIDIA-Merlin,5,1,1,1266,1,0,NLP,0.0002820622078940462,0.0,1.3823286964593047e-05
amaiya,amaiya,5,1,1,1265,1,4,Cross-domain,0.0005522229081667055,2.809896455315622e-05,0.002129784848781959
pprp,pprp,5,1,1,1262,1,0,CV,0.00039209185346345454,0.0,0.00017148050291149227
patrick-llgc,patrick-llgc,5,1,1,1257,1,0,CV,0.0015191825120715306,0.0010302953669490613,4.2844154595015275e-05
br-idl,BR-IDL,5,1,1,1239,1,0,CV,0.0006459871615640333,0.0,1.6251420051287735e-08
utiasstars,utiasSTARS,5,1,1,1239,1,2,CV,0.0005173608017776719,4.214844682973433e-05,0.0008786921334376345
huoyijie,huoyijie,5,1,1,1227,1,0,CV,0.0004606928976009102,9.36632151771874e-06,0.0006885010759001979
roomylee,roomylee,5,1,1,1226,1,0,NLP,0.0008046479423531607,0.002964440760357981,0.00038948515810816037
babylonhealth,babylonhealth,5,1,1,1203,1,0,NLP,0.0005587976617794485,2.809896455315622e-05,0.0005298384580620068
rubenszimbres,RubensZimbres,5,1,1,1193,1,0,NLP,0.0007512326343167785,0.002992539724911137,0.00028247796496382494
lightaime,lightaime,5,1,1,1190,1,15,CV,0.0003225515772553063,0.0,1.5775400294394146e-06
lessthanoptimal,lessthanoptimal,5,1,1,1177,1,7,CV,0.0008688050972036829,0.003001906046428856,0.00030933261092262857
stereolabs,stereolabs,5,1,1,1158,1,0,CV,0.0010283903977629449,0.002964440760357981,1.0203590401775102e-06
markmohr,MarkMoHR,5,1,1,1149,1,0,CV,0.0006274560662985315,0.0,8.44943854058372e-07
cedrickchee,cedrickchee,5,1,1,1135,1,0,NLP,0.003472800550550397,0.03293666961705795,0.005670149500974003
lzhbrian,lzhbrian,5,1,1,1129,1,0,CV,0.0003661167250704156,0.0,1.7146299319681672e-06
theshadow29,TheShadow29,5,1,1,1125,1,0,CV,0.0008567040121350532,3.746528607087496e-05,1.0146802588510062e-05
rykov8,rykov8,5,1,1,1086,1,0,CV,0.0003804831118709178,0.0,6.995031402483208e-05
datumbox,datumbox,5,1,1,1085,1,7,NLP,0.002061078387327164,0.009113430836740334,0.0001743753596116939
edinburghnlp,EdinburghNLP,5,1,1,1076,1,0,NLP,0.0007433438458594092,0.0005010982011979526,0.0003510709149474891
mihail911,mihail911,5,1,1,1074,1,0,NLP,0.0015948937268703898,0.0022760161288056537,0.0008100995922674149
nvidia-ai-iot,NVIDIA-AI-IOT,5,1,1,1045,1,0,CV,0.0008614284644928854,0.005947614163751399,0.00020099820467089794
iwangjian,iwangjian,5,1,1,1039,1,0,NLP,0.0008684554573611231,0.0,6.431117836707927e-05
gigwegbe,gigwegbe,5,1,1,998,1,0,CV,0.0005070054319103035,0.0,1.7682333733843773e-09
jianzongwu,jianzongwu,5,1,1,997,1,0,CV,0.0009709684393372515,0.0020090759655506697,2.530727406026091e-05
andrewzhe,AndrewZhe,5,1,1,992,1,11,NLP,0.0003676548862256266,0.0,0.00018655076813084914
dlr-rm,DLR-RM,5,1,1,992,1,0,CV,0.0003860186867621746,0.0,4.04890688500029e-08
foamliu,foamliu,5,1,1,990,1,0,CV,0.0003433346257901321,0.0,0.0005204120425919462
oml-team,OML-Team,5,1,1,988,1,0,CV,0.0006674807036715052,0.002964440760357981,0.00028284623808671734
sekwiatkowski,sekwiatkowski,5,1,1,975,1,0,CV,0.00037903695554804967,0.0,0.0005255456353477163
1adrianb,1adrianb,5,1,1,974,1,0,CV,0.0012120572109466951,0.003999419288065902,0.0029046922461259785
joeddav,joeddav,5,1,1,953,1,0,CV,0.0004902379018553862,0.0,0.0028298664088650567
sweeneychris,sweeneychris,5,1,1,946,1,0,CV,0.0008085824659992465,3.746528607087496e-05,0.0004334460195124267
xiamx,xiamx,5,1,1,930,1,0,NLP,0.0007376058495481769,0.00029972228856699966,3.468126468860351e-05
lionsoul2014,lionsoul2014,5,1,1,922,1,7,NLP,0.0015359278834589504,0.002992539724911137,8.755742266271815e-05
nikitakit,nikitakit,5,1,1,907,1,4,NLP,0.0008461052943576817,1.873264303543748e-05,0.004922828404222484
pathak22,pathak22,5,1,1,906,1,0,CV,0.0008436027162923559,0.0005010982011979526,0.002039375223062754
deeptecher,DeepTecher,5,1,1,903,1,0,CV,0.0006662512324866194,0.0,6.764623996770023e-06
molaorg,MOLAorg,5,1,1,900,1,0,CV,0.0008786769952089774,6.556425062403117e-05,7.35224515615529e-08
zhongqunzhang,ZhongqunZHANG,5,1,1,879,1,0,CV,0.0011331145847932585,0.0031798661552655118,7.486677101023011e-06
lagadic,lagadic,5,1,1,874,1,0,CV,0.0005032988546161972,0.0,1.4172434844179057e-08
abhimishra91,abhimishra91,5,1,1,864,1,4,NLP,0.000555376208344481,0.0,7.362611962445591e-08
amanjeetsahu,amanjeetsahu,5,1,1,857,1,0,NLP,0.00039437528156859275,0.0,1.4927489491434462e-06
patrickschur,patrickschur,5,1,1,855,1,0,NLP,0.00033146153635933365,0.0,0.00029538548340764936
nlp-uoregon,nlp-uoregon,5,1,1,795,1,4,NLP,0.0010957558806873405,0.0060881089865171805,0.0026768885513207274
yaserkl,yaserkl,5,1,1,768,1,0,NLP,0.0002765157850284943,0.0,4.32845553534461e-05
seriousran,seriousran,5,1,1,767,1,0,NLP,0.0017692272683293277,0.002252600325011357,0.0010118776819975465
onetaken,oneTaken,5,1,1,766,1,0,NLP,0.000361553322817428,0.0,4.557624730090343e-07
mila-iqia,mila-iqia,5,1,1,760,1,2,NLP,0.0003637665766412108,0.0,0.0005360311747029148
dbpedia-spotlight,dbpedia-spotlight,5,1,1,759,1,7,NLP,0.0004058230500904568,0.0,1.393014197989504e-05
primeqa,primeqa,5,1,1,739,1,4,NLP,0.0004956587713540058,0.0002669401632549841,0.0001695922657719723
wagamamaz,wagamamaz,5,1,1,731,1,0,NLP,0.0004253738286159181,8.429689365946866e-05,0.0007570132449635664
moein-shariatnia,moein-shariatnia,5,1,1,720,1,0,NLP,0.0011888084298516302,0.0010677606530199364,0.0037144516793042753
meta-toolkit,meta-toolkit,5,1,1,714,1,4,NLP,0.0003634006951895447,1.873264303543748e-05,0.0001765323459778793
andrewssobral,andrewssobral,6,1,1,2270,1,14,CV,0.0015467904098994583,0.0,0.7071067811865475
kylemcdonald,kylemcdonald,6,1,1,1013,1,14,CV,0.0015467904098994583,0.0,0.7071067811865475
eutropicai,EutropicAI,7,1,1,7168,1,0,CV,0.0017038250169905112,0.0033016283349958557,7.602598578789124e-05
hellodigua,hellodigua,7,1,1,6072,1,0,NLP,0.0010626012611292199,0.0005338803265099682,3.3416509451752675e-05
tingsongyu,TingsongYu,7,1,1,4483,1,0,CV,0.0005419979834937776,0.0,0.00028579586612712584
royshil,royshil,7,1,1,4261,1,0,CV,0.00035306685173345923,0.0,3.8178495751698106e-07
future-scholars,Future-Scholars,7,1,1,2181,1,0,CV,0.0007883331950176336,0.0,5.614003203329403e-06
lanxiuyun,lanxiuyun,7,1,1,1453,1,0,CV,0.0010930492687220553,0.011188071052915034,0.0007165374181342146
aniketpotabatti,aniketpotabatti,7,1,1,899,1,0,CV,0.0005550201832492383,4.6831607588593695e-05,9.419555773766499e-05
lihanghang,lihanghang,8,1,1,1759,1,3,NLP,0.0008424125613390278,0.0012644534048920299,0.00010967863732195804
chizhu,chizhu,8,1,1,1332,1,3,NLP,0.001079815696776422,0.001798333731401998,2.5064329611533565e-06
lixiang0,lixiang0,8,1,1,956,1,3,NLP,0.0007846199238915658,0.0,6.273056439553807e-07
dragen1860,dragen1860,9,1,1,6368,1,10,Cross-domain,0.0015467904098994583,0.0,0.7071067811865476
honlan,Honlan,9,1,1,2292,1,10,CV,0.0015467904098994583,0.0,0.7071067811865476
sharpiless,Sharpiless,10,1,1,1154,1,16,CV,0.00023201856148491882,0.0,1.0
haosulab,haosulab,11,1,1,2823,1,4,CV,0.0009069653872549161,0.0,6.168114583308916e-08
simpler-env,simpler-env,11,1,1,1047,1,4,CV,0.001581977855726044,0.005924198359957103,6.697837461409667e-06
mees,mees,11,1,1,893,1,4,CV,0.0006104444065855156,0.0,3.458307950814025e-08
henryndubuaku,HenryNdubuaku,12,1,1,3084,1,0,Cross-domain,0.00023201856148491882,0.0,1.0
wethinkin,WeThinkIn,13,1,1,3572,1,6,CV,0.0015467904098994583,0.0,0.7071067811865476
jackaduma,jackaduma,13,1,1,1313,1,6,NLP,0.0015467904098994583,0.0,0.7071067811865476
jeeliz,jeeliz,14,1,1,1095,1,4,CV,0.00023201856148491882,0.0,1.0
weihaox,weihaox,15,2,1,3585,1,13,CV,0.0015467904098994583,0.0,0.7071067811865476
kobaayyy,Kobaayyy,15,1,1,1646,1,13,CV,0.0015467904098994583,0.0,0.7071067811865476
lexpredict,LexPredict,16,1,1,775,1,18,NLP,0.00023201856148491882,0.0,1.0
maaassistantarknights,MaaAssistantArknights,17,1,1,20436,1,5,CV,0.0015467904098994583,0.0,0.7071067811865476
maaxyz,MaaXYZ,17,1,1,3767,1,5,CV,0.0015467904098994583,0.0,0.7071067811865476
moataz-elmesmary,Moataz-Elmesmary,18,1,1,4231,1,0,NLP,0.00023201856148491882,0.0,1.0
nlptown,nlptown,19,1,1,1016,1,4,NLP,0.00023201856148491882,0.0,1.0
nltk,nltk,20,2,1,16402,1,17,NLP,0.00023201856148491882,0.0,1.0
open-mmlab,open-mmlab,21,4,1,13271,0,8,CV,0.00023201856148491882,0.0,1.0
qqlu,qqlu,22,1,1,1043,1,1,CV,0.00023201856148491882,0.0,1.0
