community_id,topic,pagerank,betweenness,group,semantic_label,language,total_stars,total_forks,repo_count,degree
0,deep-learning,0.022882585092680888,0.3613685674709954,Cross-domain,ML Frameworks,Python,1637904,340982,96,685
0,machine-learning,0.019846454333212173,0.1248687702481431,Cross-domain,ML Frameworks,Python,1497095,262156,89,638
0,nlp,0.016693313515485177,0.2012938111444737,Cross-domain,LLM / NLP,Python,1498141,254586,100,608
0,natural-language-processing,0.015640500848312207,0.06984988029649257,Cross-domain,LLM / NLP,Python,860263,160462,49,555
0,pytorch,0.013557467491962119,0.032937677978969154,Cross-domain,ML Frameworks,Python,776520,134599,47,490
0,llm,0.010263172532150762,0.01847393975235098,Cross-domain,LLM / NLP,Python,600724,81652,29,416
0,ai,0.010066622666313503,0.009041317410719986,Cross-domain,ML Frameworks,Python,449374,74987,27,422
0,transformers,0.00851365540549187,0.005556615416968347,Cross-domain,LLM / NLP,Python,251124,33080,17,361
0,data-science,0.0057584445138056635,0.002295334196935235,Cross-domain,ML Frameworks,Unknown,313745,48599,20,359
0,neural-network,0.004549173167837346,0.00044430669612361524,Cross-domain,ML Frameworks,Python,145647,26374,12,267
0,transformer,0.003704127771491575,0.0002081101196059689,Cross-domain,LLM / NLP,Python,286074,51455,12,209
0,large-language-models,0.0034455550028497646,0.0028658916725930097,Cross-domain,LLM / NLP,Python,284268,29976,16,247
0,llama,0.0027667892203007962,0.0009291505665742563,Cross-domain,LLM / NLP,Python,158456,18509,8,190
0,gpt,0.002607735802517995,0.00017710563270820386,NLP,General AI,Python,150193,17766,8,178
0,speech,0.002523542200141445,1.3289180951788483e-05,Cross-domain,General AI,Python,37201,6975,3,181
0,bert,0.0022246034980061436,0.0001671864700386294,NLP,General AI,Python,86166,14614,9,140
0,reinforcement-learning,0.002191897751137334,0.0007221917159253635,Cross-domain,Robotics / Autonomous Driving,Unknown,187935,27745,8,197
0,huggingface,0.002052026034503996,5.742361761613031e-06,Cross-domain,General AI,Python,26642,3919,2,151
0,language-model,0.002045420324661702,9.815564796884175e-05,Cross-domain,LLM / NLP,Python,53149,6030,5,177
0,speech-recognition,0.0020419210406702254,0.00016180300588711707,Cross-domain,General AI,Python,201866,44146,5,170
0,rag,0.001963027038943186,0.000500522594797819,Cross-domain,General AI,Jupyter Notebook,113723,11378,7,165
0,agent,0.001950724632903403,0.00012484951920980214,Cross-domain,General AI,Jupyter Notebook,146781,17054,6,175
0,inference,0.0019428970932719402,8.374277569019e-05,Cross-domain,General AI,C++,82470,15929,6,135
0,question-answering,0.0019010125762375476,0.0002727621836766189,NLP,General AI,Python,54647,8498,4,148
0,generative-ai,0.001865263938300223,6.460156981814658e-05,Cross-domain,Multimodal AI,C++,49198,7887,4,176
0,datasets,0.0018476932771688043,2.392650734005429e-06,Cross-domain,General AI,TypeScript,54866,9151,3,129
0,information-retrieval,0.0018399913590564161,0.00015281062687848008,NLP,General AI,Python,68121,9152,4,147
0,ml,0.00183289558954923,9.86479021945284e-05,Cross-domain,General AI,Rust,67790,7166,4,175
0,nlp-library,0.0017929565503026538,3.544113899745541e-05,Cross-domain,LLM / NLP,Python,54795,7988,3,91
0,gpt-4,0.0017770696363278197,7.08408667322069e-05,NLP,General AI,MDX,49100,6114,4,165
0,robotics,0.0017571463463892155,0.00017191195523829004,CV,Robotics / Autonomous Driving,Unknown,129910,18844,7,153
0,numpy,0.0017182893434777597,1.1963253670027146e-06,Cross-domain,General AI,Python,39283,6658,3,126
0,pandas,0.0017182893434777597,1.1963253670027146e-06,Cross-domain,General AI,Python,39283,6658,3,126
0,rlhf,0.0017092547833426383,0.00021300029375225603,NLP,General AI,Python,82270,9640,3,156
0,dataset-hub,0.0016085918465767078,0.0,Cross-domain,General AI,Python,21403,3176,1,118
0,mlops,0.0015143914922289166,0.0002281292781093594,Cross-domain,General AI,Python,53826,5907,5,160
0,chatbot,0.0014811316166514303,0.0004792321663021619,NLP,LLM / NLP,Python,80075,15225,8,158
0,deepseek,0.0013896782854563303,1.076692830302443e-05,NLP,General AI,Python,234521,41844,3,104
0,gemma,0.001374090914418874,1.076692830302443e-05,NLP,General AI,Python,229663,41479,2,103
0,visualization,0.0013713775605464793,6.92509252217253e-05,Cross-domain,General AI,Python,35491,3468,4,172
0,bloom,0.0013595749263783901,3.0762652294355503e-06,NLP,General AI,Python,25872,2363,3,82
0,falcon,0.0013595749263783901,3.0762652294355503e-06,NLP,General AI,Python,20910,1863,2,82
0,quantization,0.0013588268439068785,0.000120883240493047,NLP,General AI,Python,94179,10986,3,123
0,langchain,0.0013396741764821812,7.012307151200527e-05,NLP,General AI,Jupyter Notebook,60851,7155,4,135
0,agents,0.0013363654546925704,1.4652137352052295e-05,Cross-domain,General AI,Jupyter Notebook,75398,7430,4,131
0,audio,0.001332175950474447,4.5759445287853824e-05,Cross-domain,General AI,C++,169840,35456,2,107
0,retrieval-augmented-generation,0.001312443485538236,7.337462250949981e-06,NLP,General AI,Python,107089,10585,5,131
0,semantic-search,0.001312443485538236,7.337462250949981e-06,NLP,General AI,MDX,52191,4818,3,131
0,active-learning,0.0012392495824464537,3.066943213588778e-05,Cross-domain,General AI,Python,15511,1219,2,154
0,developer-tools,0.0012392495824464537,3.066943213588778e-05,Cross-domain,General AI,Python,15511,1219,2,154
0,embeddings,0.0012127477878933308,0.00010019224948647733,Cross-domain,General AI,Python,56822,5730,5,144
0,neural-networks,0.0012031745558186819,3.6338383022707453e-05,Cross-domain,General AI,Jupyter Notebook,62298,11122,5,92
0,sentiment-analysis,0.001180400310160761,0.00014296088135682436,NLP,General AI,Python,79434,13936,4,111
0,cv,0.0011615165186900013,7.4770335437669654e-06,Cross-domain,General AI,Unknown,65065,11558,5,79
0,pre-trained-language-models,0.001152057785247776,7.177952202016286e-05,NLP,General AI,Python,23801,2341,2,33
0,gemini,0.0011483872744882436,7.177952202016286e-06,NLP,General AI,Python,60509,5144,2,94
0,regression,0.0011277849488052986,0.00036715225513313325,Cross-domain,General AI,Java,54795,15098,3,83
0,vector-search,0.0011219387411632912,2.6282905790211154e-05,Cross-domain,General AI,Python,22983,1543,2,160
0,text-annotation,0.0011074690873821402,2.273018197305157e-05,Cross-domain,General AI,TypeScript,31972,3971,2,127
0,fine-tuning,0.001096139591464484,2.2431100631300895e-05,Cross-domain,General AI,Python,81853,9807,2,86
0,starcoder,0.0010600567326401976,0.0,NLP,General AI,Python,10834,1261,1,69
0,word-embeddings,0.0010511208785909912,7.1779522020162865e-06,NLP,General AI,Python,30760,6532,2,92
0,glm,0.0010435010553299833,0.0,NLP,General AI,Python,159480,32886,1,93
0,model-hub,0.0010435010553299833,0.0,NLP,General AI,Python,159480,32886,1,93
0,pytorch-transformers,0.0010435010553299833,0.0,NLP,LLM / NLP,Python,159480,32886,1,93
0,nlp-machine-learning,0.001040990734338625,2.5122832707057006e-05,NLP,LLM / NLP,Python,11828,1657,2,35
0,prompt-toolkit,0.0010337204277932346,3.588976101008142e-05,NLP,General AI,Python,9532,1148,2,32
0,data-analysis,0.0010280734588221597,4.602952480252567e-05,Cross-domain,General AI,Unknown,93776,16038,6,107
0,chatgpt,0.0009963788808573135,7.13900888325127e-05,NLP,General AI,Unknown,62214,8772,4,98
0,prompt,0.000984585192530568,3.588976101008143e-06,NLP,General AI,TypeScript,19491,2737,2,34
0,orchestration,0.0009705279582974836,0.0,NLP,General AI,MDX,24851,2720,1,86
0,summarization,0.0009705279582974836,0.0,NLP,General AI,MDX,24851,2720,1,86
0,search-engine,0.000928938484848794,1.6150392454536645e-05,NLP,General AI,Python,25338,3853,2,64
0,lora,0.0009224635765901582,5.383464151512212e-05,NLP,General AI,Python,89131,10449,2,51
0,text-mining,0.0009097475643376622,2.8711808808065146e-05,NLP,General AI,Unknown,24148,3136,2,62
0,vector-database,0.0008971140650159609,2.701701453814463e-05,Cross-domain,General AI,C++,63229,6016,4,115
0,prompt-based-tuning,0.0008931122067667883,0.0,NLP,General AI,Python,4853,485,1,18
0,prompt-learning,0.0008931122067667883,0.0,NLP,General AI,Python,4853,485,1,18
0,prompts,0.0008931122067667883,0.0,NLP,General AI,Python,4853,485,1,18
0,reverse-dictionary,0.0008451170961818302,0.0,NLP,General AI,JavaScript,7113,620,1,17
0,word,0.0008451170961818302,0.0,NLP,General AI,JavaScript,7113,620,1,17
0,pdf,0.0008430616133297827,4.683613811815626e-05,NLP,General AI,HTML,20645,1541,2,65
0,data-centric,0.0008383364692278093,1.7944880505040715e-05,CV,General AI,Python,18006,1847,2,73
0,llama2,0.0008371682562135284,3.588976101008143e-05,Cross-domain,General AI,Python,18825,1782,2,48
0,models,0.0008326472005255749,2.153385660604886e-05,Cross-domain,General AI,Python,18428,4708,2,53
0,tutorials,0.0008308422315788124,1.3957129281698333e-05,Cross-domain,General AI,Unknown,43275,6039,2,97
0,diffusion-models,0.0008306589949902255,2.6917320757561076e-05,Cross-domain,Multimodal AI,C++,17506,4284,2,49
0,paddlepaddle,0.0008297284580556192,3.5889761010081433e-06,Cross-domain,General AI,Python,30501,7222,3,56
0,cython,0.0008070800539649076,0.0,NLP,General AI,Python,33472,4671,1,67
0,entity-linking,0.0008070800539649076,0.0,NLP,General AI,Python,33472,4671,1,67
0,tokenization,0.0008070800539649076,0.0,NLP,General AI,Python,33472,4671,1,67
0,genetic-algorithm,0.0007664013559650854,5.0245665414114005e-05,Cross-domain,General AI,Java,12609,3526,2,54
0,fasttext,0.0007606575021841057,4.306771321209772e-05,NLP,General AI,Python,24336,6952,2,47
0,awesome,0.0007428714256980062,2.9908134175067863e-06,Cross-domain,General AI,Unknown,67793,12648,3,56
0,awesome-list,0.0007428714256980062,2.9908134175067863e-06,Cross-domain,General AI,Unknown,34891,5612,2,56
0,ernie,0.0007305535990606571,0.0,NLP,General AI,Python,18486,3558,2,35
0,llms,0.0007299474407158253,1.3957129281698333e-05,Cross-domain,General AI,Jupyter Notebook,105406,15055,6,93
0,compression,0.0007159956541371276,0.0,NLP,General AI,Python,12934,3050,1,35
0,distributed-training,0.0007159956541371276,0.0,NLP,General AI,Python,12934,3050,1,35
0,document-intelligence,0.0007159956541371276,0.0,NLP,General AI,Python,12934,3050,1,35
0,embedding,0.0007159956541371276,0.0,NLP,General AI,Python,12934,3050,1,35
0,information-extraction,0.0007159956541371276,0.0,NLP,Information Extraction,Python,12934,3050,1,35
0,neural-search,0.0007159956541371276,0.0,NLP,General AI,Python,12934,3050,1,35
0,paddlenlp,0.0007159956541371276,0.0,NLP,General AI,Python,12934,3050,1,35
0,semantic-analysis,0.0007159956541371276,0.0,NLP,General AI,Python,12934,3050,1,35
0,uie,0.0007159956541371276,0.0,NLP,General AI,Python,12934,3050,1,35
0,openvino,0.0007106583788327228,4.037598113634161e-05,Cross-domain,General AI,C++,17513,4086,2,43
0,topic-modeling,0.0007055757107041591,1.4355904404032573e-05,NLP,General AI,Python,23926,5301,2,38
0,memory,0.000676736817082607,1.4654985745783247e-05,Cross-domain,General AI,C++,24020,2006,2,89
0,prompt-engineering,0.0006617159258994968,3.301858012927492e-05,NLP,LLM / NLP,Jupyter Notebook,24159,3406,2,79
0,semantic-role-labeling,0.0006570551872725144,0.0,NLP,General AI,Python,14370,2120,1,74
0,sequence-labeling,0.0006570551872725144,0.0,NLP,General AI,Python,14370,2120,1,74
0,search,0.0006491174986188874,2.153385660604886e-05,Cross-domain,General AI,Unknown,46951,5425,3,57
0,document-image-processing,0.000640615679761039,0.0,Cross-domain,General AI,Python,20190,1749,2,59
0,data-visualization,0.0006153171228045939,1.076692830302443e-06,NLP,General AI,Unknown,34099,5255,3,45
0,data-pipelines,0.0006124413947965069,0.0,NLP,General AI,HTML,14476,1217,1,52
0,document-image-analysis,0.0006124413947965069,0.0,NLP,General AI,HTML,14476,1217,1,52
0,document-parser,0.0006124413947965069,0.0,NLP,General AI,HTML,14476,1217,1,52
0,document-parsing,0.0006124413947965069,0.0,NLP,General AI,HTML,14476,1217,1,52
0,docx,0.0006124413947965069,0.0,NLP,General AI,HTML,14476,1217,1,52
0,donut,0.0006124413947965069,0.0,NLP,General AI,HTML,14476,1217,1,52
0,pdf-to-json,0.0006124413947965069,0.0,NLP,General AI,HTML,14476,1217,1,52
0,pdf-to-text,0.0006124413947965069,0.0,NLP,General AI,HTML,14476,1217,1,52
0,preprocessing,0.0006124413947965069,0.0,NLP,General AI,HTML,14476,1217,1,52
0,article-extractor,0.0006104294354570208,0.0,NLP,General AI,Python,5727,356,1,20
0,corpus-builder,0.0006104294354570208,0.0,NLP,Information Extraction,Python,5727,356,1,20
0,corpus-tools,0.0006104294354570208,0.0,NLP,Information Extraction,Python,5727,356,1,20
0,crawler,0.0006104294354570208,0.0,NLP,General AI,Python,5727,356,1,20
0,html-to-markdown,0.0006104294354570208,0.0,NLP,Information Extraction,Python,5727,356,1,20
0,html2text,0.0006104294354570208,0.0,NLP,General AI,Python,5727,356,1,20
0,news-aggregator,0.0006104294354570208,0.0,NLP,Information Extraction,Python,5727,356,1,20
0,news-crawler,0.0006104294354570208,0.0,NLP,Information Extraction,Python,5727,356,1,20
0,readability,0.0006104294354570208,0.0,NLP,Information Extraction,Python,5727,356,1,20
0,rss-feed,0.0006104294354570208,0.0,NLP,General AI,Python,5727,356,1,20
0,scraping,0.0006104294354570208,0.0,NLP,General AI,Python,5727,356,1,20
0,tei,0.0006104294354570208,0.0,NLP,General AI,Python,5727,356,1,20
0,text-cleaning,0.0006104294354570208,0.0,NLP,General AI,Python,5727,356,1,20
0,text-extraction,0.0006104294354570208,0.0,NLP,General AI,Python,5727,356,1,20
0,text-preprocessing,0.0006104294354570208,0.0,NLP,General AI,Python,5727,356,1,20
0,web-scraping,0.0006104294354570208,0.0,NLP,General AI,Python,5727,356,1,20
0,nltk,0.0006001581141247598,0.0,NLP,General AI,Python,24096,4183,2,51
0,human-in-the-loop,0.0005927827633845229,0.0,NLP,General AI,Python,4932,479,1,57
0,text-labeling,0.0005927827633845229,0.0,NLP,General AI,Python,4932,479,1,57
0,weak-supervision,0.0005927827633845229,0.0,NLP,General AI,Python,4932,479,1,57
0,weakly-supervised-learning,0.0005927827633845229,0.0,NLP,General AI,Python,4932,479,1,57
0,word2vec,0.0005905449463283694,0.0,NLP,General AI,Python,36947,6991,4,31
0,learning,0.0005835228376960552,0.0,Cross-domain,General AI,Jupyter Notebook,25993,3703,2,35
0,deep,0.0005835228376960552,0.0,CV,General AI,Python,11670,1214,1,35
0,llm-training,0.0005835228376960552,0.0,CV,LLM / NLP,Python,11670,1214,1,35
0,machinelearning,0.0005835228376960552,0.0,CV,General AI,Python,11670,1214,1,35
0,mistral,0.0005835228376960552,0.0,CV,General AI,Python,11670,1214,1,35
0,sentence-embeddings,0.0005770121814835664,7.1779522020162865e-06,NLP,General AI,Python,24901,2118,3,56
0,data-mining,0.0005756895999634309,0.0,NLP,General AI,Python,29271,7053,2,29
0,document-similarity,0.0005756895999634309,0.0,NLP,General AI,Python,16390,4412,1,29
0,gensim,0.0005756895999634309,0.0,NLP,General AI,Python,16390,4412,1,29
0,word-similarity,0.0005756895999634309,0.0,NLP,General AI,Python,16390,4412,1,29
0,multi-modal,0.0005741705174752892,4.486220126260179e-06,Cross-domain,General AI,Jupyter Notebook,14725,1481,2,46
0,contrastive-loss,0.0005725487012261496,0.0,Cross-domain,General AI,Python,19564,1831,2,47
0,multi-modal-learning,0.0005725487012261496,0.0,Cross-domain,General AI,Python,19564,1831,2,47
0,gpt-3,0.000564295981267876,4.3067713212097716e-06,NLP,General AI,Unknown,28096,3777,2,33
0,instruction-tuning,0.0005621017557847973,0.0,NLP,LLM / NLP,Python,70183,8593,1,35
0,llama3,0.0005621017557847973,0.0,NLP,General AI,Python,70183,8593,1,35
0,moe,0.0005621017557847973,0.0,NLP,General AI,Python,70183,8593,1,35
0,peft,0.0005621017557847973,0.0,NLP,General AI,Python,70183,8593,1,35
0,qlora,0.0005621017557847973,0.0,NLP,General AI,Python,70183,8593,1,35
0,stable-diffusion,0.0005565796881899852,2.990813417506786e-06,Cross-domain,Multimodal AI,C++,16523,3774,2,37
0,recommendation,0.0005446106083717288,0.0,Cross-domain,General AI,Python,6943,2870,1,28
0,statistics,0.0005347434827250504,0.0,Cross-domain,General AI,Jupyter Notebook,20688,3637,2,33
0,clustering,0.0005347434827250504,0.0,Cross-domain,General AI,Java,6365,1148,1,33
0,computer-algebra-system,0.0005347434827250504,0.0,Cross-domain,General AI,Java,6365,1148,1,33
0,dataframe,0.0005347434827250504,0.0,Cross-domain,General AI,Java,6365,1148,1,33
0,interpolation,0.0005347434827250504,0.0,Cross-domain,General AI,Java,6365,1148,1,33
0,linear-algebra,0.0005347434827250504,0.0,Cross-domain,General AI,Java,6365,1148,1,33
0,manifold-learning,0.0005347434827250504,0.0,Cross-domain,General AI,Java,6365,1148,1,33
0,multidimensional-scaling,0.0005347434827250504,0.0,Cross-domain,General AI,Java,6365,1148,1,33
0,nearest-neighbor-search,0.0005347434827250504,0.0,Cross-domain,General AI,Java,6365,1148,1,33
0,wavelet,0.0005347434827250504,0.0,Cross-domain,General AI,Java,6365,1148,1,33
0,bots,0.0005301973337395954,1.0254217431451835e-05,NLP,General AI,Python,27686,5546,2,34
0,conversational-ai,0.0005301973337395954,1.0254217431451835e-05,NLP,LLM / NLP,Python,27686,5546,2,34
0,healthcare,0.0005282268099778818,0.0,CV,General AI,Unknown,6865,899,1,25
0,multimodal-learning,0.0005282268099778818,0.0,CV,Multimodal AI,Unknown,6865,899,1,25
0,reading-list,0.0005282268099778818,0.0,CV,General AI,Unknown,6865,899,1,25
0,representation-learning,0.0005282268099778818,0.0,CV,General AI,Unknown,6865,899,1,25
0,speech-processing,0.0005282268099778818,0.0,CV,General AI,Unknown,6865,899,1,25
0,openai,0.0005171899315341935,1.932525592850539e-06,NLP,General AI,Jupyter Notebook,41443,5459,2,71
0,recommendation-system,0.0005146077193237522,0.0,Cross-domain,General AI,C++,18891,4559,2,32
0,finance,0.0005118824496642677,0.0,NLP,General AI,Jupyter Notebook,19480,2743,1,69
0,fingpt,0.0005118824496642677,0.0,NLP,General AI,Jupyter Notebook,19480,2743,1,69
0,fintech,0.0005118824496642677,0.0,NLP,General AI,Jupyter Notebook,19480,2743,1,69
0,robo-advisor,0.0005118824496642677,0.0,NLP,General AI,Jupyter Notebook,19480,2743,1,69
0,technical-analysis,0.0005118824496642677,0.0,NLP,General AI,Jupyter Notebook,19480,2743,1,69
0,agi,0.0005040681465530565,0.0,CV,General AI,Rust,18227,1621,1,71
0,vision,0.0005040681465530565,0.0,CV,Computer Vision,Rust,18227,1621,1,71
0,papers,0.0005023318577659528,0.0,Cross-domain,General AI,Unknown,28963,5080,2,31
0,deploy-ai,0.0004903745637785038,0.0,Cross-domain,ML Frameworks,C++,10089,3182,1,28
0,good-first-issue,0.0004903745637785038,0.0,Cross-domain,General AI,C++,10089,3182,1,28
0,llm-inference,0.0004903745637785038,0.0,Cross-domain,LLM / NLP,C++,10089,3182,1,28
0,optimize-ai,0.0004903745637785038,0.0,Cross-domain,ML Frameworks,C++,10089,3182,1,28
0,performance-boost,0.0004903745637785038,0.0,Cross-domain,General AI,C++,10089,3182,1,28
0,bioinformatics,0.0004900177875325351,0.0,CV,General AI,Unknown,80158,11065,1,21
0,computational-biology,0.0004900177875325351,0.0,CV,General AI,Unknown,80158,11065,1,21
0,computational-physics,0.0004900177875325351,0.0,CV,General AI,Unknown,80158,11065,1,21
0,computer-architecture,0.0004900177875325351,0.0,CV,General AI,Unknown,80158,11065,1,21
0,computer-science,0.0004900177875325351,0.0,CV,General AI,Unknown,80158,11065,1,21
0,database-systems,0.0004900177875325351,0.0,CV,General AI,Unknown,80158,11065,1,21
0,databases,0.0004900177875325351,0.0,CV,General AI,Unknown,80158,11065,1,21
0,embedded-systems,0.0004900177875325351,0.0,CV,General AI,Unknown,80158,11065,1,21
0,quantum-computing,0.0004900177875325351,0.0,CV,General AI,Unknown,80158,11065,1,21
0,security,0.0004900177875325351,0.0,CV,General AI,Unknown,80158,11065,1,21
0,systems,0.0004900177875325351,0.0,CV,General AI,Unknown,80158,11065,1,21
0,web-development,0.0004900177875325351,0.0,CV,General AI,Unknown,80158,11065,1,21
0,language,0.00047923688997560565,0.0,NLP,General AI,Unknown,18421,2780,1,45
0,deep-research,0.00047816433319321217,0.0,NLP,General AI,Python,68553,10069,2,69
0,agent-framework,0.00047816433319321217,0.0,NLP,General AI,Python,40460,7509,1,69
0,deep-search,0.00047816433319321217,0.0,NLP,General AI,Python,40460,7509,1,69
0,multi-agent-system,0.00047816433319321217,0.0,NLP,General AI,Python,40460,7509,1,69
0,public-opinion-analysis,0.00047816433319321217,0.0,NLP,General AI,Python,40460,7509,1,69
0,python3,0.00047816433319321217,0.0,NLP,General AI,Python,40460,7509,1,69
0,llama-index,0.00047816433319321217,0.0,NLP,LLM / NLP,Jupyter Notebook,26805,3207,1,69
0,typescript,0.0004762328500537128,1.7944880505040715e-05,Cross-domain,General AI,TypeScript,19010,2150,3,37
0,artificial-neural-networks,0.00045839758653592804,0.0,CV,General AI,HTML,19222,5455,2,25
0,artificial-intelligence-algorithms,0.00045315394195818255,0.0,CV,General AI,HTML,12799,2972,1,25
0,bayesian-statistics,0.00045315394195818255,0.0,CV,General AI,HTML,12799,2972,1,25
0,geometric-deep-learning,0.00045315394195818255,0.0,CV,General AI,HTML,12799,2972,1,25
0,graph-neural-networks,0.00045315394195818255,0.0,CV,General AI,HTML,12799,2972,1,25
0,medical-imaging,0.00045315394195818255,0.0,CV,General AI,HTML,12799,2972,1,25
0,optimization,0.00045315394195818255,0.0,CV,General AI,HTML,12799,2972,1,25
0,pattern-recognition,0.00045315394195818255,0.0,CV,General AI,HTML,12799,2972,1,25
0,probabilistic-graphical-models,0.00045315394195818255,0.0,CV,General AI,HTML,12799,2972,1,25
0,probability,0.00045315394195818255,0.0,CV,General AI,HTML,12799,2972,1,25
0,visual-recognition,0.00045315394195818255,0.0,CV,General AI,HTML,12799,2972,1,25
0,cnn,0.0004527769064678858,6.280708176764251e-06,Cross-domain,General AI,Jupyter Notebook,68955,14045,4,27
0,facebook,0.00045070693021769664,0.0,Cross-domain,General AI,Unknown,16470,2832,1,21
0,probabilistic-programming,0.00045070693021769664,0.0,Cross-domain,General AI,Unknown,16470,2832,1,21
0,pytorch-model,0.00045070693021769664,0.0,Cross-domain,ML Frameworks,Unknown,16470,2832,1,21
0,pytorch-tutorials,0.00045070693021769664,0.0,Cross-domain,ML Frameworks,Unknown,16470,2832,1,21
0,utility-library,0.00045070693021769664,0.0,Cross-domain,General AI,Unknown,16470,2832,1,21
0,language-models,0.0004497430750642715,0.0,NLP,LLM / NLP,Python,15947,1043,2,28
0,corenlp,0.0004384888265968408,0.0,NLP,General AI,Python,7773,941,1,21
0,universal-dependencies,0.0004384888265968408,0.0,NLP,General AI,Python,7773,941,1,21
0,alpaca,0.00043799946698553575,0.0,NLP,General AI,Python,26103,2424,2,16
0,alpaca-2,0.00043799946698553575,0.0,NLP,General AI,Python,26103,2424,2,16
0,llama-2,0.00043799946698553575,0.0,NLP,LLM / NLP,Python,26103,2424,2,16
0,plm,0.00043799946698553575,0.0,NLP,General AI,Python,18948,1856,1,16
0,64k,0.00043799946698553575,0.0,NLP,General AI,Python,7155,568,1,16
0,alpaca2,0.00043799946698553575,0.0,NLP,General AI,Python,7155,568,1,16
0,flash-attention,0.00043799946698553575,0.0,NLP,General AI,Python,7155,568,1,16
0,yarn,0.00043799946698553575,0.0,NLP,General AI,Python,7155,568,1,16
0,distributed-systems,0.00043787548320525945,0.0,NLP,General AI,Python,10076,602,1,27
0,guanaco,0.00043787548320525945,0.0,NLP,General AI,Python,10076,602,1,27
0,mixtral,0.00043787548320525945,0.0,NLP,General AI,Python,10076,602,1,27
0,pipeline-parallelism,0.00043787548320525945,0.0,NLP,General AI,Python,10076,602,1,27
0,tensor-parallelism,0.00043787548320525945,0.0,NLP,General AI,Python,10076,602,1,27
0,volunteer-computing,0.00043787548320525945,0.0,NLP,General AI,Python,10076,602,1,27
0,science,0.00042337047663543886,0.0,NLP,General AI,Python,8855,929,1,36
0,entity-extraction,0.0004223983828430122,1.00491330828228e-05,NLP,General AI,Python,13535,1806,2,28
0,bot-framework,0.00042080904606863997,0.0,NLP,General AI,Python,21126,4912,1,24
0,botkit,0.00042080904606863997,0.0,NLP,General AI,Python,21126,4912,1,24
0,chatbots,0.00042080904606863997,0.0,NLP,LLM / NLP,Python,21126,4912,1,24
0,chatbots-framework,0.00042080904606863997,0.0,NLP,LLM / NLP,Python,21126,4912,1,24
0,conversation-driven-development,0.00042080904606863997,0.0,NLP,General AI,Python,21126,4912,1,24
0,conversational-agents,0.00042080904606863997,0.0,NLP,General AI,Python,21126,4912,1,24
0,conversational-bots,0.00042080904606863997,0.0,NLP,General AI,Python,21126,4912,1,24
0,mitie,0.00042080904606863997,0.0,NLP,General AI,Python,21126,4912,1,24
0,rasa,0.00042080904606863997,0.0,NLP,General AI,Python,21126,4912,1,24
0,wit,0.00042080904606863997,0.0,NLP,General AI,Python,21126,4912,1,24
0,data-visualizations,0.0004182732416842626,0.0,NLP,General AI,Unknown,23417,3114,1,20
0,nlp-parsing,0.00041626665647935437,0.0,NLP,LLM / NLP,Java,10065,2717,1,18
0,stanford-nlp,0.00041626665647935437,0.0,NLP,LLM / NLP,Java,10065,2717,1,18
0,applied-data-science,0.00038423810568866807,0.0,CV,General AI,Unknown,28767,3840,1,15
0,applied-machine-learning,0.00038423810568866807,0.0,CV,General AI,Unknown,28767,3840,1,15
0,data-discovery,0.00038423810568866807,0.0,CV,General AI,Unknown,28767,3840,1,15
0,data-engineering,0.00038423810568866807,0.0,CV,General AI,Unknown,28767,3840,1,15
0,production,0.00038423810568866807,0.0,CV,General AI,Unknown,28767,3840,1,15
0,recsys,0.00038423810568866807,0.0,CV,General AI,Unknown,28767,3840,1,15
0,rust,0.0003824878044421536,0.0,CV,General AI,Rust,16874,1342,2,32
0,contrastive-learning,0.0003757480490071106,0.0,CV,General AI,Python,6316,661,1,13
0,deep-metric-learning,0.0003757480490071106,0.0,CV,General AI,Python,6316,661,1,13
0,image-retrieval,0.0003757480490071106,0.0,CV,General AI,Python,6316,661,1,13
0,metric-learning,0.0003757480490071106,0.0,CV,General AI,Python,6316,661,1,13
0,self-supervised-learning,0.0003757480490071106,0.0,CV,General AI,Python,6316,661,1,13
0,apache-arrow,0.00037087448637308025,0.0,CV,General AI,Rust,6336,633,1,32
0,data-analytics,0.00037087448637308025,0.0,CV,General AI,Rust,6336,633,1,32
0,data-format,0.00037087448637308025,0.0,CV,General AI,Rust,6336,633,1,32
0,dataops,0.00037087448637308025,0.0,CV,General AI,Rust,6336,633,1,32
0,duckdb,0.00037087448637308025,0.0,CV,General AI,Rust,6336,633,1,32
0,txtai,0.00037046109391628836,0.0,NLP,General AI,Python,12404,803,1,34
0,ai-agents,0.0003704610939162883,0.0,NLP,ML Frameworks,Python,12404,803,1,34
0,google,0.000360295303380376,0.0,NLP,General AI,Python,45193,10209,2,33
0,roberta,0.00034939212410785053,0.0,NLP,General AI,Python,23763,2769,3,18
0,benchmark,0.00033968540107020303,0.0,CV,General AI,Python,12700,3071,1,14
0,fashion,0.00033968540107020303,0.0,CV,General AI,Python,12700,3071,1,14
0,fashion-mnist,0.00033968540107020303,0.0,CV,General AI,Python,12700,3071,1,14
0,mnist,0.00033968540107020303,0.0,CV,General AI,Python,12700,3071,1,14
0,zalando,0.00033968540107020303,0.0,CV,General AI,Python,12700,3071,1,14
0,gemini-ai,0.00033523890055088085,0.0,NLP,ML Frameworks,Python,35658,2424,1,10
0,gemini-api,0.00033523890055088085,0.0,NLP,General AI,Python,35658,2424,1,10
0,gemini-flash,0.00033523890055088085,0.0,NLP,General AI,Python,35658,2424,1,10
0,gemini-pro,0.00033523890055088085,0.0,NLP,General AI,Python,35658,2424,1,10
0,information-extration,0.00033523890055088085,0.0,NLP,General AI,Python,35658,2424,1,10
0,chitchat,0.000334993205191113,0.0,NLP,General AI,Python,6975,1172,1,20
0,dialogue-agents,0.000334993205191113,0.0,NLP,General AI,Python,6975,1172,1,20
0,dialogue-manager,0.000334993205191113,0.0,NLP,General AI,Python,6975,1172,1,20
0,dialogue-systems,0.000334993205191113,0.0,NLP,General AI,Python,6975,1172,1,20
0,intent-classification,0.000334993205191113,0.0,NLP,Computer Vision,Python,6975,1172,1,20
0,intent-detection,0.000334993205191113,0.0,NLP,General AI,Python,6975,1172,1,20
0,slot-filling,0.000334993205191113,0.0,NLP,General AI,Python,6975,1172,1,20
0,data,0.0003307470225750983,0.0,NLP,General AI,JavaScript,6169,324,1,11
0,document,0.0003307470225750983,0.0,NLP,General AI,JavaScript,6169,324,1,11
0,extraction,0.0003307470225750983,0.0,NLP,General AI,JavaScript,6169,324,1,11
0,images,0.0003307470225750983,0.0,NLP,General AI,JavaScript,6169,324,1,11
0,parsr,0.0003307470225750983,0.0,NLP,General AI,JavaScript,6169,324,1,11
0,dependency-parser,0.0003301300670416128,0.0,NLP,Information Extraction,Python,36261,10899,1,7
0,hanlp,0.0003301300670416128,0.0,NLP,General AI,Python,36261,10899,1,7
0,pos-tagging,0.0003301300670416128,0.0,NLP,Information Extraction,Python,36261,10899,1,7
0,semantic-parsing,0.0003301300670416128,0.0,NLP,Information Extraction,Python,36261,10899,1,7
0,bert-wwm,0.0003283512122235282,0.0,NLP,General AI,Python,10202,1390,1,15
0,bert-wwm-ext,0.0003283512122235282,0.0,NLP,General AI,Python,10202,1390,1,15
0,chinese-bert,0.0003283512122235282,0.0,NLP,General AI,Python,10202,1390,1,15
0,rbt,0.0003283512122235282,0.0,NLP,General AI,Python,10202,1390,1,15
0,roberta-wwm,0.0003283512122235282,0.0,NLP,General AI,Python,10202,1390,1,15
0,chatgpt-api,0.0003269703556104718,0.0,NLP,General AI,MDX,4679,663,1,17
0,gpt-4-api,0.0003269703556104718,0.0,NLP,General AI,MDX,4679,663,1,17
0,gpt3,0.0003269703556104718,0.0,NLP,General AI,MDX,4679,663,1,17
0,openai-api,0.0003269703556104718,0.0,NLP,General AI,MDX,4679,663,1,17
0,prompt-tuning,0.0003269703556104718,0.0,NLP,General AI,MDX,4679,663,1,17
0,prompting,0.0003269703556104718,0.0,NLP,General AI,MDX,4679,663,1,17
0,open-source,0.000319845859517663,0.0,NLP,General AI,Python,17492,2580,3,20
0,clip,0.0003147806479594205,0.0,Cross-domain,General AI,Python,14647,1494,2,15
0,coreml-models,0.0003147806479594205,0.0,Cross-domain,General AI,Jupyter Notebook,5870,552,1,15
0,image-text-retrieval,0.0003147806479594205,0.0,Cross-domain,General AI,Jupyter Notebook,5870,552,1,15
0,vision-and-language-pre-training,0.0003147806479594205,0.0,Cross-domain,Computer Vision,Jupyter Notebook,5870,552,1,15
0,vision-language,0.0003147806479594205,0.0,Cross-domain,Computer Vision,Jupyter Notebook,5870,552,1,15
0,ldavis,0.0003131582998246095,0.0,NLP,General AI,Python,7536,889,1,16
0,topic,0.0003131582998246095,0.0,NLP,General AI,Python,7536,889,1,16
0,topic-modelling,0.0003131582998246095,0.0,NLP,General AI,Python,7536,889,1,16
0,topic-models,0.0003131582998246095,0.0,NLP,General AI,Python,7536,889,1,16
0,datascience,0.00029172366025067447,0.0,Cross-domain,General AI,Jupyter Notebook,19322,3330,2,19
0,matplotlib,0.00029172366025067447,0.0,NLP,General AI,Unknown,17880,3482,2,19
0,seaborn,0.00029172366025067447,0.0,NLP,General AI,Unknown,17880,3482,2,19
0,classifier,0.00027021190550585586,0.0,NLP,General AI,JavaScript,6560,634,1,12
0,nodejs,0.00027021190550585586,0.0,NLP,General AI,JavaScript,6560,634,1,12
0,awesome-lists,0.0002633348917662981,0.0,NLP,General AI,Unknown,22528,2126,1,7
0,chatglm,0.0002633348917662981,0.0,NLP,General AI,Unknown,22528,2126,1,7
0,attention,0.000257579507756779,0.0,NLP,General AI,Jupyter Notebook,24565,6053,2,11
0,botpress,0.00025021894688591643,0.0,NLP,General AI,TypeScript,14638,2252,1,14
0,paper,0.00025019042114603847,0.0,Cross-domain,General AI,Unknown,44030,8026,3,11
0,survey,0.0002470551823293652,0.0,NLP,General AI,Unknown,18276,1278,2,12
0,microsoft-for-beginners,0.00024571556739925505,0.0,Cross-domain,General AI,Jupyter Notebook,46562,9546,1,11
0,generative-model,0.0002341223856074691,0.0,Cross-domain,General AI,Python,6434,592,1,11
0,self-supervised,0.00023228315396935927,0.0,CV,General AI,Unknown,6381,838,1,6
0,pattern,0.00022831158253563833,0.0,NLP,General AI,Python,9507,1179,1,7
0,chinese-nlp,0.00022624851450106607,0.0,NLP,LLM / NLP,Unknown,23061,4327,3,7
0,electron,0.0002251043764962054,0.0,Cross-domain,General AI,TypeScript,12841,1826,2,6
0,oxford,0.00021933325810664011,0.0,NLP,General AI,Unknown,15857,3564,1,6
0,radiance-field,0.00021808519828856593,0.0,CV,General AI,Python,21408,3118,1,5
0,synonyms,0.00021703297838343458,0.0,NLP,General AI,Python,5103,892,1,6
0,part-of-speech,0.00020539731985061446,0.0,NLP,General AI,JavaScript,12075,666,1,2
1,computer-vision,0.020525249579188515,0.20153498449228316,Cross-domain,Computer Vision,Python,1535805,325729,102,646
1,python,0.015249995881158888,0.040486380734235425,Cross-domain,General AI,Python,922706,153000,44,539
1,object-detection,0.00964648069678946,0.0038465343357835568,CV,Computer Vision,Python,265548,42673,20,352
1,image-classification,0.00921519968938251,0.0027609801525841004,CV,Computer Vision,Python,201306,32278,12,343
1,tensorflow,0.0066851792887803315,0.002629283891598563,Cross-domain,ML Frameworks,Python,318391,68347,22,338
1,image-processing,0.0046999599908909145,0.0010705488450247647,CV,Computer Vision,Python,240845,75737,14,267
1,hacktoberfest,0.0038383815797671536,0.00033764004768666847,Cross-domain,General AI,Python,255535,44014,9,200
1,qwen,0.003658756288881574,0.0005074884711393212,Cross-domain,General AI,Python,243846,43285,4,198
1,deep-neural-networks,0.0035610738297641646,0.00029118559432846054,Cross-domain,ML Frameworks,Jupyter Notebook,81208,21412,8,181
1,yolo,0.0034353200860116322,0.00028422696844372804,Cross-domain,Computer Vision,Python,147439,22661,6,190
1,classification,0.0032427289689118846,0.0004976713526731293,Cross-domain,Computer Vision,Python,74383,13091,5,201
1,vlm,0.0032134471690078254,4.146536226599103e-05,Cross-domain,Multimodal AI,Jupyter Notebook,168805,34327,2,175
1,instance-segmentation,0.0030391477555312936,7.895747422217917e-05,CV,Computer Vision,Python,130263,20259,6,125
1,yolov8,0.0028797108462433325,6.664529232010956e-05,CV,General AI,Python,65349,12217,2,155
1,gan,0.002745539040965741,0.00015327918764722277,Cross-domain,General AI,Python,130555,26565,8,167
1,image-segmentation,0.0026540990217659745,0.00017173250643323968,CV,Computer Vision,Unknown,65412,9933,5,110
1,semantic-segmentation,0.0026128141321780283,0.0003926083499067121,CV,Computer Vision,Python,98252,16639,6,193
1,pose-estimation,0.0025360418497968685,0.00011335182852350719,CV,General AI,Python,104688,20979,4,178
1,tracking,0.0024773869918431842,1.1165703425358669e-05,CV,General AI,Python,94109,14141,2,116
1,tutorial,0.0024169120427517564,2.954923656496705e-05,Cross-domain,General AI,Jupyter Notebook,50868,11459,5,98
1,video-processing,0.002345843813218109,3.588976101008143e-05,Cross-domain,General AI,Python,87777,10574,3,103
1,coco,0.002316231641527276,1.2760803914695624e-05,CV,General AI,Python,43324,4108,2,98
1,zero-shot-classification,0.0023006966915595606,0.0,CV,Computer Vision,Python,23019,2720,2,82
1,automatic-labeling-system,0.0020636029100010987,0.0,CV,General AI,Jupyter Notebook,9325,1441,1,61
1,google-colab,0.0020636029100010987,0.0,CV,General AI,Jupyter Notebook,9325,1441,1,61
1,open-vocabulary-detection,0.0020636029100010987,0.0,CV,General AI,Jupyter Notebook,9325,1441,1,61
1,open-vocabulary-segmentation,0.0020636029100010987,0.0,CV,Computer Vision,Jupyter Notebook,9325,1441,1,61
1,paligemma,0.0020636029100010987,0.0,CV,General AI,Jupyter Notebook,9325,1441,1,61
1,yolov5,0.0020636029100010987,0.0,CV,General AI,Jupyter Notebook,9325,1441,1,61
1,zero-shot-detection,0.0020636029100010987,0.0,CV,General AI,Jupyter Notebook,9325,1441,1,61
1,metrics,0.002053297041968892,0.0,CV,General AI,Python,38085,3365,1,86
1,oriented-bounding-box,0.002053297041968892,0.0,CV,General AI,Python,38085,3365,1,86
1,pascal-voc,0.002053297041968892,0.0,CV,General AI,Python,38085,3365,1,86
1,low-code,0.0020532970419688914,0.0,CV,General AI,Python,38085,3365,1,86
1,detr,0.001999516681289138,0.0,CV,General AI,Python,6395,773,1,73
1,rf-detr,0.001999516681289138,0.0,CV,General AI,Python,6395,773,1,73
1,scikit-learn,0.001670382310300251,0.00016986111175199965,Cross-domain,General AI,Jupyter Notebook,95151,19153,5,105
1,annotation-tool,0.0016093399315638209,0.00012792136245736167,Cross-domain,General AI,Python,47628,7621,3,163
1,mxnet,0.0015515878182998206,2.1174958995948043e-05,Cross-domain,General AI,Python,49330,9641,3,88
1,gluon,0.0014664049942100024,8.613542642419543e-06,CV,General AI,Python,16148,2345,2,80
1,chinese,0.0013534301188610337,0.00011664172328276465,Cross-domain,General AI,Python,160055,23726,9,82
1,dataset,0.0012729769022377826,5.4347352386694735e-05,Cross-domain,General AI,Python,70835,12277,5,118
1,hyperparameter-optimization,0.0012526239821943237,8.075196227268322e-06,CV,General AI,Python,38853,6160,2,59
1,annotations,0.0012309787346858456,1.9483013119758495e-06,CV,General AI,Python,58439,10802,3,119
1,image-annotation,0.0012309787346858456,1.9483013119758495e-06,CV,General AI,Python,58439,10802,3,119
1,action-recognition,0.0011870476706028633,0.0,CV,General AI,Python,5922,1208,1,67
1,person-reid,0.0011870476706028633,0.0,CV,General AI,Python,5922,1208,1,67
1,explainable-ai,0.001185749406675361,0.00020252079427117374,CV,ML Frameworks,Python,30780,5415,3,104
1,book,0.0011502911369884242,0.0,Cross-domain,General AI,Python,125746,19532,3,63
1,notebook,0.0011502911369884242,0.0,Cross-domain,General AI,Python,125746,19532,3,63
1,yolo11,0.0011455560727879972,2.5122832707057002e-05,CV,General AI,Python,61263,11519,2,93
1,forecasting,0.0011038586444438885,2.153385660604886e-05,Cross-domain,General AI,Jupyter Notebook,25007,4547,2,54
1,automl,0.0010986559756705093,3.0762652294355508e-06,Cross-domain,General AI,Python,33643,4251,2,55
1,structured-data,0.0010258849010842484,5.383464151512215e-05,Cross-domain,General AI,Python,45884,3561,2,48
1,keras,0.0010234682207902336,8.254645032318729e-06,Cross-domain,ML Frameworks,Unknown,69924,11619,4,60
1,video-annotation,0.001016480317015983,0.0,CV,General AI,Python,31399,7310,2,107
1,boundingbox,0.0009536092440230949,5.127108715725919e-07,CV,General AI,TypeScript,42696,7142,2,84
1,annotation,0.0009536092440230947,5.127108715725919e-07,CV,General AI,TypeScript,42696,7142,2,84
1,image-labeling,0.0009536092440230947,5.127108715725919e-07,CV,General AI,TypeScript,42696,7142,2,84
1,image-labelling-tool,0.0009536092440230947,5.127108715725919e-07,CV,General AI,TypeScript,42696,7142,2,84
1,labeling,0.0009536092440230947,5.127108715725919e-07,CV,General AI,TypeScript,42696,7142,2,84
1,labeling-tool,0.0009536092440230947,5.127108715725919e-07,CV,General AI,TypeScript,42696,7142,2,84
1,jax,0.0009153457686161289,1.3458660378780537e-06,Cross-domain,ML Frameworks,Python,52044,8137,2,51
1,data-quality,0.0009109244666474366,1.7227085284839086e-05,CV,General AI,Unknown,39346,4580,2,107
1,autogluon,0.000862329379319426,0.0,CV,General AI,Python,10226,1137,1,40
1,automated-machine-learning,0.000862329379319426,0.0,CV,General AI,Python,10226,1137,1,40
1,ensemble-learning,0.000862329379319426,0.0,CV,General AI,Python,10226,1137,1,40
1,tabular-data,0.000862329379319426,0.0,CV,General AI,Python,10226,1137,1,40
1,time-series,0.000862329379319426,0.0,CV,General AI,Python,10226,1137,1,40
1,transfer-learning,0.000862329379319426,0.0,CV,General AI,Python,10226,1137,1,40
1,yolo26,0.0008433972566222972,0.0,CV,General AI,Python,56024,10776,1,89
1,rotated-object-detection,0.000843397256622297,0.0,CV,General AI,Python,64801,11718,2,89
1,cli,0.000843397256622297,0.0,CV,General AI,Python,56024,10776,1,89
1,hub,0.000843397256622297,0.0,CV,General AI,Python,56024,10776,1,89
1,segment-anything,0.000843397256622297,0.0,CV,General AI,Python,56024,10776,1,89
1,ultralytics,0.000843397256622297,0.0,CV,General AI,Python,56024,10776,1,89
1,yolo-world,0.000843397256622297,0.0,CV,Computer Vision,Python,56024,10776,1,89
1,imagenet,0.0008230558906003197,1.076692830302443e-05,CV,General AI,Python,27141,5488,2,59
1,rnn,0.0007745888367907508,8.272589912823769e-05,Cross-domain,General AI,Jupyter Notebook,94992,23496,3,48
1,fiftyone,0.0007035361275771993,0.0,CV,General AI,Python,5239,743,1,73
1,large-image,0.0007035361275771993,0.0,CV,General AI,Python,5239,743,1,73
1,mmdetection,0.0007035361275771993,0.0,CV,General AI,Python,5239,743,1,73
1,oriented-object-detection,0.0007035361275771993,0.0,CV,General AI,Python,5239,743,1,73
1,remote-sensing,0.0007035361275771993,0.0,CV,General AI,Python,5239,743,1,73
1,satellite,0.0007035361275771993,0.0,CV,General AI,Python,5239,743,1,73
1,small-object-detection,0.0007035361275771993,0.0,CV,General AI,Python,5239,743,1,73
1,tiling,0.0007035361275771993,0.0,CV,General AI,Python,5239,743,1,73
1,svm,0.0006878182714828619,6.0294798496936793e-05,NLP,General AI,Python,48430,13950,2,38
1,attention-mechanism,0.0006567686264545842,0.0,Cross-domain,General AI,Python,33007,6025,2,81
1,recommender-system,0.0006543353497944225,0.0,CV,General AI,Python,28627,5023,1,40
1,gaussian-processes,0.0006543353497944224,0.0,CV,General AI,Python,28627,5023,1,40
1,kaggle,0.0006543353497944224,0.0,CV,General AI,Python,28627,5023,1,40
1,spatial-ai,0.000636763983765495,0.0,CV,ML Frameworks,Python,11175,1180,1,67
1,data-centric-ai,0.00061626383914818,0.0,CV,ML Frameworks,Python,10579,740,1,79
1,data-cleaning,0.00061626383914818,0.0,CV,General AI,Python,10579,740,1,79
1,data-curation,0.00061626383914818,0.0,CV,General AI,Python,10579,740,1,79
1,unstructured-data,0.00061626383914818,0.0,CV,General AI,Python,10579,740,1,79
1,computer-vision-annotation,0.0005575683413326735,0.0,CV,Computer Vision,Python,15656,3650,1,42
1,computervision,0.0005468888644641701,2.5840627927258634e-05,CV,General AI,Jupyter Notebook,30300,12621,2,31
1,adaboost,0.0004962243590564908,0.0,NLP,General AI,Python,42186,11572,1,25
1,apriori,0.0004962243590564908,0.0,NLP,General AI,Python,42186,11572,1,25
1,fp-growth,0.0004962243590564908,0.0,NLP,General AI,Python,42186,11572,1,25
1,kmeans,0.0004962243590564908,0.0,NLP,General AI,Python,42186,11572,1,25
1,logistic,0.0004962243590564908,0.0,NLP,General AI,Python,42186,11572,1,25
1,lstm,0.0004962243590564908,0.0,NLP,General AI,Python,42186,11572,1,25
1,mahchine-leaning,0.0004962243590564908,0.0,NLP,General AI,Python,42186,11572,1,25
1,naivebayes,0.0004962243590564908,0.0,NLP,General AI,Python,42186,11572,1,25
1,pca,0.0004962243590564908,0.0,NLP,General AI,Python,42186,11572,1,25
1,recommendedsystem,0.0004962243590564908,0.0,NLP,General AI,Python,42186,11572,1,25
1,sklearn,0.0004962243590564908,0.0,NLP,General AI,Python,42186,11572,1,25
1,svd,0.0004962243590564908,0.0,NLP,General AI,Python,42186,11572,1,25
1,segmentation,0.0004660017265173264,0.0,CV,Computer Vision,Python,20289,4934,2,29
1,deeplab-v3-plus,0.0004660017265173264,0.0,CV,General AI,Python,11485,1838,1,29
1,deeplabv3,0.0004660017265173264,0.0,CV,General AI,Python,11485,1838,1,29
1,dpt,0.0004660017265173264,0.0,CV,General AI,Python,11485,1838,1,29
1,fpn,0.0004660017265173264,0.0,CV,General AI,Python,11485,1838,1,29
1,pretrained-weights,0.0004660017265173264,0.0,CV,General AI,Python,11485,1838,1,29
1,pspnet,0.0004660017265173264,0.0,CV,General AI,Python,11485,1838,1,29
1,segformer,0.0004660017265173264,0.0,CV,General AI,Python,11485,1838,1,29
1,segmentation-models,0.0004660017265173264,0.0,CV,Computer Vision,Python,11485,1838,1,29
1,unet,0.0004660017265173264,0.0,CV,General AI,Python,11485,1838,1,29
1,unet-pytorch,0.0004660017265173264,0.0,CV,ML Frameworks,Python,11485,1838,1,29
1,unetplusplus,0.0004660017265173264,0.0,CV,General AI,Python,11485,1838,1,29
1,tensorflow2,0.00045589011475200036,0.0,Cross-domain,General AI,Jupyter Notebook,27662,6051,2,29
1,drug-discovery,0.00045589011475200036,0.0,Cross-domain,General AI,Jupyter Notebook,14781,3410,1,29
1,recommender-systems,0.00045589011475200036,0.0,Cross-domain,General AI,Jupyter Notebook,14781,3410,1,29
1,speech-synthesis,0.00045589011475200036,0.0,Cross-domain,General AI,Jupyter Notebook,14781,3410,1,29
1,data-labeling,0.0004381304845213152,0.0,CV,General AI,TypeScript,27040,3492,1,36
1,label-studio,0.0004381304845213152,0.0,CV,General AI,TypeScript,27040,3492,1,36
1,agentic-rag,0.00041181375460973887,0.0,Cross-domain,General AI,C++,37177,3271,2,36
1,clawbot,0.00041181375460973887,0.0,CV,General AI,C++,9084,711,1,36
1,datalake,0.00041181375460973887,0.0,CV,General AI,C++,9084,711,1,36
1,filesystem,0.00041181375460973887,0.0,CV,General AI,C++,9084,711,1,36
1,openclaw,0.00041181375460973887,0.0,CV,General AI,C++,9084,711,1,36
1,postgres,0.00041181375460973887,0.0,CV,General AI,C++,9084,711,1,36
1,skill,0.00041181375460973887,0.0,CV,General AI,C++,9084,711,1,36
1,class-activation-maps,0.00040989256083903496,0.0,CV,General AI,Python,12742,1700,1,17
1,explainable-ml,0.00040989256083903496,0.0,CV,General AI,Python,12742,1700,1,17
1,grad-cam,0.00040989256083903496,0.0,CV,General AI,Python,12742,1700,1,17
1,interpretability,0.00040989256083903496,0.0,CV,General AI,Python,12742,1700,1,17
1,interpretable-ai,0.00040989256083903496,0.0,CV,ML Frameworks,Python,12742,1700,1,17
1,interpretable-deep-learning,0.00040989256083903496,0.0,CV,General AI,Python,12742,1700,1,17
1,score-cam,0.00040989256083903496,0.0,CV,General AI,Python,12742,1700,1,17
1,vision-transformers,0.00040989256083903496,0.0,CV,LLM / NLP,Python,12742,1700,1,17
1,visualizations,0.00040989256083903496,0.0,CV,General AI,Python,12742,1700,1,17
1,xai,0.00040989256083903496,0.0,CV,General AI,Python,12742,1700,1,17
1,golang,0.0004022335255211378,0.0,CV,General AI,Go,17906,1290,2,20
1,face-tracking,0.0004022335255211378,0.0,CV,General AI,Go,7424,904,1,20
1,gocv,0.0004022335255211378,0.0,CV,General AI,Go,7424,904,1,20
1,mjpeg,0.0004022335255211378,0.0,CV,General AI,Go,7424,904,1,20
1,mjpeg-stream,0.0004022335255211378,0.0,CV,General AI,Go,7424,904,1,20
1,object-classification,0.0004022335255211378,0.0,CV,Computer Vision,Go,7424,904,1,20
1,object-tracking,0.0004022335255211378,0.0,CV,General AI,Go,7424,904,1,20
1,onnx,0.0004022335255211378,0.0,CV,General AI,Go,7424,904,1,20
1,video-capture,0.0004022335255211378,0.0,CV,General AI,Go,7424,904,1,20
1,kmeans-clustering,0.0003693924836618145,0.0,NLP,General AI,Jupyter Notebook,6244,2378,1,17
1,linear-regression,0.0003693924836618145,0.0,NLP,General AI,Jupyter Notebook,6244,2378,1,17
1,ode,0.0003693924836618145,0.0,NLP,General AI,Jupyter Notebook,6244,2378,1,17
1,packtpub,0.0003693924836618145,0.0,NLP,General AI,Jupyter Notebook,6244,2378,1,17
1,tensorboard,0.0003693924836618145,0.0,NLP,General AI,Jupyter Notebook,6244,2378,1,17
1,tensorflow-algorithms,0.0003693924836618145,0.0,NLP,ML Frameworks,Jupyter Notebook,6244,2378,1,17
1,tensorflow-cookbook,0.0003693924836618145,0.0,NLP,ML Frameworks,Jupyter Notebook,6244,2378,1,17
1,face-detection,0.00036430747487139245,0.0,CV,General AI,Python,39427,7548,4,12
1,opencv3,0.0003542147900440157,0.0,CV,General AI,Jupyter Notebook,29299,14200,2,15
1,opencv-cpp,0.0003435826100380114,0.0,CV,Computer Vision,Jupyter Notebook,22876,11717,1,15
1,opencv-library,0.0003435826100380114,0.0,CV,Computer Vision,Jupyter Notebook,22876,11717,1,15
1,opencv-python,0.0003435826100380114,0.0,CV,Computer Vision,Jupyter Notebook,22876,11717,1,15
1,opencv-tutorial,0.0003435826100380114,0.0,CV,Computer Vision,Jupyter Notebook,22876,11717,1,15
1,face-recognition,0.0003374537403014873,0.0,CV,General AI,Python,22203,5885,2,8
1,facenet,0.0003374537403014873,0.0,CV,General AI,Python,22203,5885,2,8
1,mtcnn,0.0003374537403014873,0.0,CV,General AI,Python,14321,4790,1,8
1,memory-networks,0.000336959217749152,0.0,NLP,General AI,Python,7946,2540,1,15
1,multi-class,0.000336959217749152,0.0,NLP,General AI,Python,7946,2540,1,15
1,multi-label,0.000336959217749152,0.0,NLP,General AI,Python,7946,2540,1,15
1,sentence-classification,0.000336959217749152,0.0,NLP,Computer Vision,Python,7946,2540,1,15
1,textcnn,0.000336959217749152,0.0,NLP,General AI,Python,7946,2540,1,15
1,textrnn,0.000336959217749152,0.0,NLP,General AI,Python,7946,2540,1,15
1,similarity,0.00031994604076854077,0.0,Cross-domain,General AI,Jupyter Notebook,14804,1632,2,17
1,jupyter-notebook,0.0003181254406610793,0.0,Cross-domain,General AI,Jupyter Notebook,29759,3492,2,17
1,azure,0.0003181254406610793,0.0,CV,General AI,Jupyter Notebook,9843,1206,1,17
1,kubernetes,0.0003181254406610793,0.0,CV,General AI,Jupyter Notebook,9843,1206,1,17
1,microsoft,0.0003181254406610793,0.0,CV,General AI,Jupyter Notebook,9843,1206,1,17
1,operationalization,0.0003181254406610793,0.0,CV,General AI,Jupyter Notebook,9843,1206,1,17
1,image-background-removal,0.0002790264822793531,0.0,CV,General AI,Python,9703,1615,1,8
1,u-2-net,0.0002790264822793531,0.0,CV,General AI,Python,9703,1615,1,8
1,u2net,0.0002790264822793531,0.0,CV,General AI,Python,9703,1615,1,8
1,cvpr2020,0.0002695505608468194,0.0,CV,General AI,Unknown,34899,5039,2,10
1,cvpr2021,0.0002695505608468194,0.0,CV,General AI,Unknown,34899,5039,2,10
1,cvpr2022,0.0002695505608468194,0.0,CV,General AI,Unknown,34899,5039,2,10
1,detection,0.00025110681098059536,0.0,CV,General AI,Unknown,7498,1923,1,7
1,object-localisation,0.00025110681098059536,0.0,CV,General AI,Unknown,7498,1923,1,7
2,opencv,0.0023922728286003563,0.0012556032889376985,Cross-domain,Computer Vision,C++,216010,88810,12,159
2,generative-adversarial-network,0.0015006123504012366,5.368510084424682e-05,CV,General AI,Python,72788,13842,6,76
2,c-plus-plus,0.0014832142161946274,6.819054591915473e-05,CV,General AI,C++,147222,70607,4,100
2,3d-reconstruction,0.0014448120217014466,0.00017944880505040716,CV,General AI,Cuda,47865,6576,4,82
2,computer-graphics,0.0014147718164239736,4.27985400045221e-05,CV,General AI,Python,94276,16871,6,70
2,pix2pix,0.0012540600218794219,2.841272746631447e-06,CV,General AI,Python,55505,11696,4,65
2,photogrammetry,0.001156277624537413,4.665668931310586e-05,CV,General AI,QML,30502,4519,3,74
2,cpp,0.0010660232508529898,6.99850339696588e-05,CV,General AI,C++,55460,13448,3,70
2,real-time,0.001063539186860985,4.6656689313105864e-05,CV,General AI,C++,58483,11075,3,46
2,image-generation,0.0010503723285553415,2.7365942770187093e-05,CV,General AI,Lua,55978,11381,4,56
2,structure-from-motion,0.001039743699685542,3.170262222557192e-05,CV,General AI,C++,30499,4887,3,61
2,multi-view-stereo,0.0009401851005074159,1.076692830302443e-05,CV,General AI,QML,24117,3175,2,55
2,image-to-image-translation,0.0008276186615192297,0.0,CV,General AI,Lua,17568,3153,2,36
2,image-manipulation,0.0008252701827096184,4.486220126260179e-07,CV,General AI,Lua,48561,10279,3,45
2,convolutional-neural-networks,0.0008079822408394974,0.00018393502517666734,Cross-domain,General AI,Python,30489,6817,3,74
2,geometry,0.0007982791560295474,4.785301468010858e-06,CV,General AI,C++,17831,3683,2,39
2,android,0.0007880705133215431,0.00010467846961273747,CV,General AI,C++,45116,8484,2,40
2,cuda,0.0007732846201819824,3.230078490907329e-05,CV,General AI,Cuda,24787,2961,2,39
2,machine-learning-library,0.0007381673281143795,1.196325367002714e-05,Cross-domain,General AI,C++,35488,8364,2,60
2,nerf,0.0007086869999711974,7.1779522020162865e-06,CV,General AI,Cuda,28815,3660,2,27
2,video,0.0006948540073825808,7.106172679996125e-05,CV,General AI,C++,17784,3474,2,35
2,caffe,0.0006681541279449096,0.0,Cross-domain,General AI,C++,55650,13790,3,29
2,cvpr-2017,0.0006681541279449096,0.0,CV,General AI,C++,33965,8053,1,29
2,face,0.0006681541279449096,0.0,CV,General AI,C++,33965,8053,1,29
2,foot-estimation,0.0006681541279449096,0.0,CV,General AI,C++,33965,8053,1,29
2,hand-estimation,0.0006681541279449096,0.0,CV,General AI,C++,33965,8053,1,29
2,human-behavior-understanding,0.0006681541279449096,0.0,CV,General AI,C++,33965,8053,1,29
2,human-pose,0.0006681541279449096,0.0,CV,General AI,C++,33965,8053,1,29
2,human-pose-estimation,0.0006681541279449096,0.0,CV,General AI,C++,33965,8053,1,29
2,keypoint-detection,0.0006681541279449096,0.0,CV,General AI,C++,33965,8053,1,29
2,keypoints,0.0006681541279449096,0.0,CV,General AI,C++,33965,8053,1,29
2,multi-person,0.0006681541279449096,0.0,CV,General AI,C++,33965,8053,1,29
2,openpose,0.0006681541279449096,0.0,CV,General AI,C++,33965,8053,1,29
2,pose,0.0006681541279449096,0.0,CV,General AI,C++,33965,8053,1,29
2,cyclegan,0.0006439550548980166,0.0,CV,General AI,Python,37937,8543,2,29
2,gans,0.0006439550548980166,0.0,CV,General AI,Python,37937,8543,2,29
2,alicevision,0.0006340280237957859,0.0,CV,General AI,QML,12668,1204,1,45
2,camera-tracking,0.0006340280237957859,0.0,CV,General AI,QML,12668,1204,1,45
2,hdr-imaging,0.0006340280237957859,0.0,CV,General AI,QML,12668,1204,1,45
2,image-stitching,0.0006340280237957859,0.0,CV,General AI,QML,12668,1204,1,45
2,meshroom,0.0006340280237957859,0.0,CV,General AI,QML,12668,1204,1,45
2,nocode,0.0006340280237957859,0.0,CV,General AI,QML,12668,1204,1,45
2,nodal-interface,0.0006340280237957859,0.0,CV,General AI,QML,12668,1204,1,45
2,texturing,0.0006340280237957859,0.0,CV,General AI,QML,12668,1204,1,45
2,workflow-automation,0.0006340280237957859,0.0,CV,General AI,QML,12668,1204,1,45
2,aigc,0.0005948772282591333,5.0245665414114e-06,CV,General AI,Jupyter Notebook,12801,1638,2,29
2,video-interpolation,0.0005948772282591333,5.0245665414114e-06,CV,General AI,Jupyter Notebook,12801,1638,2,29
2,drone,0.0005646632305181771,0.0,CV,Robotics / Autonomous Driving,C++,6382,1712,1,23
2,multiple-view-geometry,0.0005646632305181771,0.0,CV,General AI,C++,6382,1712,1,23
2,openmvg,0.0005646632305181771,0.0,CV,General AI,C++,6382,1712,1,23
2,sfm,0.0005646632305181771,0.0,CV,General AI,C++,6382,1712,1,23
2,function-approximation,0.0005601006483860174,0.0,CV,General AI,Cuda,17363,2057,1,22
2,real-time-rendering,0.0005601006483860174,0.0,CV,General AI,Cuda,17363,2057,1,22
2,realtime,0.0005601006483860174,0.0,CV,General AI,Cuda,17363,2057,1,22
2,signed-distance-functions,0.0005601006483860174,0.0,CV,General AI,Cuda,17363,2057,1,22
2,matting,0.0005455129398547548,0.0,CV,General AI,Python,23883,3263,3,27
2,inpainting,0.0005392904405978646,0.0,CV,General AI,Jupyter Notebook,17283,2146,2,27
2,linux,0.0005375601268987685,0.0,Cross-domain,General AI,Python,22853,4309,3,27
2,super-resolution,0.0005332148684371891,0.0,CV,General AI,Jupyter Notebook,14575,1628,2,25
2,diffusion,0.0005178838299398385,0.0,CV,Multimodal AI,Jupyter Notebook,7417,1102,1,25
2,image-editing,0.0005178838299398385,0.0,CV,General AI,Jupyter Notebook,7417,1102,1,25
2,image-synthesis,0.0005178838299398385,0.0,CV,General AI,Jupyter Notebook,7417,1102,1,25
2,text2image,0.0005178838299398385,0.0,CV,General AI,Jupyter Notebook,7417,1102,1,25
2,video-frame-interpolation,0.0005178838299398385,0.0,CV,General AI,Jupyter Notebook,7417,1102,1,25
2,video-super-resolution,0.0005178838299398385,0.0,CV,General AI,Jupyter Notebook,7417,1102,1,25
2,raspberry-pi,0.0005022106165460717,0.0,Cross-domain,General AI,C++,16982,3868,2,23
2,creative-coding,0.0004797021839032466,0.0,CV,General AI,C++,10360,2570,1,19
2,emscripten,0.0004797021839032466,0.0,CV,General AI,C++,10360,2570,1,19
2,graphics,0.0004797021839032466,0.0,CV,General AI,C++,10360,2570,1,19
2,ios,0.0004797021839032466,0.0,CV,General AI,C++,10360,2570,1,19
2,openframeworks,0.0004797021839032466,0.0,CV,General AI,C++,10360,2570,1,19
2,opengl,0.0004797021839032466,0.0,CV,General AI,C++,10360,2570,1,19
2,osx,0.0004797021839032466,0.0,CV,General AI,C++,10360,2570,1,19
2,windows,0.0004797021839032466,0.0,CV,General AI,C++,10360,2570,1,19
2,java,0.0004767894327860428,1.7944880505040715e-05,Cross-domain,General AI,Java,20622,4683,3,13
2,dlib,0.0004759762717515619,0.0,CV,General AI,C++,14362,3452,1,34
2,reconstruction,0.00046058369489004197,0.0,CV,General AI,C++,11449,1971,1,23
2,framework,0.0004538672974612397,0.0,CV,General AI,C++,41739,6716,2,16
2,audio-processing,0.0004538672974612397,0.0,CV,General AI,C++,34756,5914,1,16
2,calculator,0.0004538672974612397,0.0,CV,General AI,C++,34756,5914,1,16
2,graph-based,0.0004538672974612397,0.0,CV,General AI,C++,34756,5914,1,16
2,graph-framework,0.0004538672974612397,0.0,CV,General AI,C++,34756,5914,1,16
2,mediapipe,0.0004538672974612397,0.0,CV,General AI,C++,34756,5914,1,16
2,mobile-development,0.0004538672974612397,0.0,CV,General AI,C++,34756,5914,1,16
2,perception,0.0004538672974612397,0.0,CV,General AI,C++,34756,5914,1,16
2,pipeline-framework,0.0004538672974612397,0.0,CV,General AI,C++,34756,5914,1,16
2,stream-processing,0.0004538672974612397,0.0,CV,General AI,C++,34756,5914,1,16
2,camera-api,0.0004495995096301961,0.0,CV,General AI,C++,8701,4997,1,9
2,developer-kits,0.0004495995096301961,0.0,CV,General AI,C++,8701,4997,1,9
2,hardware,0.0004495995096301961,0.0,CV,General AI,C++,8701,4997,1,9
2,library,0.0004495995096301961,0.0,CV,General AI,C++,8701,4997,1,9
2,librealsense,0.0004495995096301961,0.0,CV,General AI,C++,8701,4997,1,9
2,sdk,0.0004495995096301961,0.0,CV,General AI,C++,8701,4997,1,9
2,3d,0.00043056741962146716,0.0,CV,General AI,Python,11452,1603,1,20
2,3d-graphics,0.00043056741962146716,0.0,CV,General AI,Python,11452,1603,1,20
2,gaussian-splatting,0.00043056741962146716,0.0,CV,General AI,Python,11452,1603,1,20
2,dotnet,0.00041022807732543816,0.0,CV,General AI,C#,5962,1229,1,11
2,dotnetstandard,0.00041022807732543816,0.0,CV,General AI,C#,5962,1229,1,11
2,native-bindings,0.00041022807732543816,0.0,CV,General AI,C#,5962,1229,1,11
2,nuget,0.00041022807732543816,0.0,CV,General AI,C#,5962,1229,1,11
2,nuget-packages,0.00041022807732543816,0.0,CV,General AI,C#,5962,1229,1,11
2,opencvsharp,0.00041022807732543816,0.0,CV,General AI,C#,5962,1229,1,11
2,wrapper,0.00041022807732543816,0.0,CV,General AI,C#,5962,1229,1,11
2,ffmpeg,0.00040085452345045406,0.0,CV,General AI,Java,8306,1616,1,11
2,javacv,0.00040085452345045406,0.0,CV,General AI,Java,8306,1616,1,11
2,maven,0.00040085452345045406,0.0,CV,General AI,Java,8306,1616,1,11
2,multimedia,0.00040085452345045406,0.0,CV,General AI,Java,8306,1616,1,11
2,opencv-java,0.00040085452345045406,0.0,CV,Computer Vision,Java,8306,1616,1,11
2,torch,0.00039750245173791584,0.0,CV,General AI,Lua,12855,1968,1,13
2,dcgan,0.0003967804182752521,0.0,CV,General AI,Lua,10624,1736,1,13
2,pcl,0.0003417935028812662,0.0,CV,General AI,C++,10957,4686,1,11
2,point-cloud,0.0003417935028812662,0.0,CV,General AI,C++,10957,4686,1,11
2,pointcloud,0.0003417935028812662,0.0,CV,General AI,C++,10957,4686,1,11
2,ansj,0.0002307674603892318,0.0,NLP,General AI,Java,6536,2285,1,3
2,slomo-filter,0.0002263874598500333,0.0,CV,General AI,Python,5384,536,1,5
3,artificial-intelligence,0.007929026205735231,0.0015248363127816542,Cross-domain,General AI,Python,302966,55181,21,324
3,pretrained-models,0.006403940257911659,0.001479758928319926,Cross-domain,General AI,Python,214049,39790,7,274
3,named-entity-recognition,0.006209771161441278,0.001007955392786945,NLP,Information Extraction,Python,128620,24188,8,249
3,natural-language-understanding,0.005869367174005425,0.00023089079583152376,NLP,General AI,Python,61911,12179,4,192
3,sota,0.005764654902990137,7.465070290096923e-05,Cross-domain,General AI,Python,12838,1686,2,152
3,deeplearning,0.0050726023740018415,0.0009851141234583842,Cross-domain,General AI,Jupyter Notebook,120883,35162,7,179
3,text-classification,0.0049814732403537475,0.0009424651241247381,NLP,Computer Vision,Python,94009,20579,5,164
3,ocr,0.004881328540911622,0.0010744938703421416,Cross-domain,Computer Vision,Python,49816,4965,6,189
3,spacy,0.004859592711685957,0.00034413153699952375,NLP,General AI,Python,62227,10585,3,164
3,multimodal,0.004671654944469081,0.0005129116833306236,Cross-domain,Multimodal AI,Rust,66375,6331,5,186
3,pre-trained-model,0.004644053257312242,0.00015552229771035293,NLP,General AI,Python,26945,3183,2,99
3,dnn,0.004547283659850565,0.0012554238401326458,Cross-domain,General AI,C#,57454,13866,3,136
3,bot,0.004449899131312534,0.0007754922836159289,Cross-domain,General AI,Python,42505,8108,4,125
3,deep-reinforcement-learning,0.004363627040491336,0.000635488034951841,CV,General AI,C++,53361,16853,4,117
3,natural-language,0.004349641331834988,0.00011664172328276465,Cross-domain,General AI,Python,24735,3425,3,116
3,nlu,0.0042839273172848545,0.0004555948804794047,NLP,General AI,Python,34129,6459,3,112
3,algorithms,0.0042619751023526345,0.0005598802717572703,CV,General AI,Unknown,94065,13124,3,105
3,translation,0.004223004196435875,0.00018662675725242346,Cross-domain,General AI,Jupyter Notebook,28496,5241,3,112
3,cross-platform,0.004143451463871198,0.00020600722819786723,CV,General AI,C++,39121,9928,3,101
3,autonomous-vehicles,0.0040920722063107475,0.00013063873007669664,CV,General AI,C++,31963,9402,2,97
3,research,0.0040920722063107475,0.00013063873007669664,CV,General AI,C++,31963,9402,2,97
3,self-driving-car,0.0040920722063107475,0.00013063873007669664,CV,General AI,C++,31963,9402,2,97
3,simulator,0.0040920722063107475,0.00013063873007669664,CV,General AI,C++,31963,9402,2,97
3,javascript,0.004019946227016393,7.465070290096935e-05,Cross-domain,General AI,C#,14404,2024,2,95
3,document-ai,0.00394992030923843,0.0,Cross-domain,ML Frameworks,Python,28928,3258,2,88
3,beit,0.003929349464329929,0.0,NLP,General AI,Python,22092,2698,1,87
3,beit-3,0.003929349464329929,0.0,NLP,General AI,Python,22092,2698,1,87
3,bitnet,0.003929349464329929,0.0,NLP,General AI,Python,22092,2698,1,87
3,deepnet,0.003929349464329929,0.0,NLP,General AI,Python,22092,2698,1,87
3,foundation-models,0.003929349464329929,0.0,NLP,General AI,Python,22092,2698,1,87
3,kosmos,0.003929349464329929,0.0,NLP,General AI,Python,22092,2698,1,87
3,kosmos-1,0.003929349464329929,0.0,NLP,General AI,Python,22092,2698,1,87
3,layoutlm,0.003929349464329929,0.0,NLP,General AI,Python,22092,2698,1,87
3,layoutxlm,0.003929349464329929,0.0,NLP,General AI,Python,22092,2698,1,87
3,minilm,0.003929349464329929,0.0,NLP,General AI,Python,22092,2698,1,87
3,mllm,0.003929349464329929,0.0,NLP,General AI,Python,22092,2698,1,87
3,textdiffuser,0.003929349464329929,0.0,NLP,General AI,Python,22092,2698,1,87
3,trocr,0.003929349464329929,0.0,NLP,General AI,Python,22092,2698,1,87
3,unilm,0.003929349464329929,0.0,NLP,General AI,Python,22092,2698,1,87
3,xlm-e,0.003929349464329929,0.0,NLP,General AI,Python,22092,2698,1,87
3,airsim,0.003929349464329929,0.0,CV,General AI,C++,18113,4880,1,87
3,autonomous-quadcoptor,0.003929349464329929,0.0,CV,General AI,C++,18113,4880,1,87
3,control-systems,0.003929349464329929,0.0,CV,General AI,C++,18113,4880,1,87
3,drones,0.003929349464329929,0.0,CV,General AI,C++,18113,4880,1,87
3,pixhawk,0.003929349464329929,0.0,CV,General AI,C++,18113,4880,1,87
3,platform-independent,0.003929349464329929,0.0,CV,General AI,C++,18113,4880,1,87
3,unreal-engine,0.003929349464329929,0.0,CV,General AI,C++,18113,4880,1,87
3,azure-functions,0.003929349464329929,0.0,CV,General AI,C#,7844,1390,1,87
3,bing-search,0.003929349464329929,0.0,CV,General AI,C#,7844,1390,1,87
3,csharp,0.003929349464329929,0.0,CV,General AI,C#,7844,1390,1,87
3,custom-vision,0.003929349464329929,0.0,CV,Computer Vision,C#,7844,1390,1,87
3,html5,0.003929349464329929,0.0,CV,General AI,C#,7844,1390,1,87
3,iot,0.003929349464329929,0.0,CV,General AI,C#,7844,1390,1,87
3,language-learning,0.003929349464329929,0.0,CV,General AI,C#,7844,1390,1,87
3,luis,0.003929349464329929,0.0,CV,General AI,C#,7844,1390,1,87
3,anonymization,0.003929349464329929,0.0,NLP,General AI,Python,7629,1002,1,87
3,data-anonymization,0.003929349464329929,0.0,NLP,General AI,Python,7629,1002,1,87
3,data-masking,0.003929349464329929,0.0,NLP,General AI,Python,7629,1002,1,87
3,data-obfuscation,0.003929349464329929,0.0,NLP,General AI,Python,7629,1002,1,87
3,data-privacy,0.003929349464329929,0.0,NLP,General AI,Python,7629,1002,1,87
3,data-redaction,0.003929349464329929,0.0,NLP,General AI,Python,7629,1002,1,87
3,de-identification,0.003929349464329929,0.0,NLP,General AI,Python,7629,1002,1,87
3,guardrails,0.003929349464329929,0.0,NLP,General AI,Python,7629,1002,1,87
3,image-redactor,0.003929349464329929,0.0,NLP,General AI,Python,7629,1002,1,87
3,personally-identifiable-information,0.003929349464329929,0.0,NLP,General AI,Python,7629,1002,1,87
3,phi,0.003929349464329929,0.0,NLP,General AI,Python,7629,1002,1,87
3,pii,0.003929349464329929,0.0,NLP,General AI,Python,7629,1002,1,87
3,pii-detection,0.003929349464329929,0.0,NLP,General AI,Python,7629,1002,1,87
3,privacy,0.003929349464329929,0.0,NLP,General AI,Python,7629,1002,1,87
3,sensitive-data,0.003929349464329929,0.0,NLP,General AI,Python,7629,1002,1,87
3,azure-ml,0.003929349464329929,0.0,NLP,General AI,Python,6443,913,1,87
3,best-practices,0.003929349464329929,0.0,NLP,General AI,Python,6443,913,1,87
3,mlflow,0.003929349464329929,0.0,NLP,General AI,Python,6443,913,1,87
3,natural-language-inference,0.003929349464329929,0.0,NLP,General AI,Python,6443,913,1,87
3,nli,0.003929349464329929,0.0,NLP,General AI,Python,6443,913,1,87
3,text,0.003929349464329929,0.0,NLP,General AI,Python,6443,913,1,87
3,transfomer,0.003929349464329929,0.0,NLP,General AI,Python,6443,913,1,87
3,autonomous-driving,0.0003238477285613404,0.0,CV,Robotics / Autonomous Driving,C++,13850,4522,1,16
3,carla,0.0003238477285613404,0.0,CV,Robotics / Autonomous Driving,C++,13850,4522,1,16
3,carla-simulator,0.0003238477285613404,0.0,CV,Robotics / Autonomous Driving,C++,13850,4522,1,16
3,imitation-learning,0.0003238477285613404,0.0,CV,Robotics / Autonomous Driving,C++,13850,4522,1,16
3,ros,0.0003238477285613404,0.0,CV,Robotics / Autonomous Driving,C++,13850,4522,1,16
3,ue4,0.0003238477285613404,0.0,CV,General AI,C++,13850,4522,1,16
3,unreal-engine-4,0.0003238477285613404,0.0,CV,General AI,C++,13850,4522,1,16
